[
 {
  "sid":"Torque_Control_ESP32_V6:162",
  "inspector":{
   "params":[
    "InitializeStates",
    "PropagateVarSize"
   ],
   "values":[
    "held",
    "Only when execution is resumed"
   ],
   "tabs":[
    "Parameter Attributes"
   ],
   "tabs_idx":0
  },
  "viewer":{
   "jshandler":"webview/handlers/ElementHandler"
  },
  "obj_viewer":[
  ],
  "finder":{
   "blocktype":"ActionPort",
   "masktype":""
  }
 },
 {
  "sid":"Torque_Control_ESP32_V6:163",
  "inspector":{
   "params":[
    "Value",
    "VectorParams1D",
    "SampleTime",
    "OutMin",
    "OutMax",
    "OutDataTypeStr",
    "LockScale",
    "FramePeriod"
   ],
   "values":[
    "0",
    "on",
    "inf",
    "[]",
    "[]",
    "single",
    "off",
    "inf"
   ],
   "tabs":[
    "Main",
    "Signal Attributes",
    "-Other"
   ],
   "tabs_idx":[
    0,
    3,
    7
   ]
  },
  "viewer":{
   "jshandler":"webview/handlers/ElementHandler"
  },
  "obj_viewer":[
  ],
  "finder":{
   "blocktype":"Constant",
   "masktype":""
  }
 },
 {
  "sid":"Torque_Control_ESP32_V6:164",
  "inspector":{
   "params":[
    "Port",
    "IconDisplay",
    "EnsureOutportIsVirtual",
    "OutputWhenDisabled",
    "InitialOutput",
    "OutMin",
    "OutMax",
    "OutDataTypeStr",
    "LockScale",
    "Unit",
    "PortDimensions",
    "VarSizeSig",
    "SignalType",
    "SampleTime",
    "BusOutputAsStruct",
    "BusVirtuality",
    "DataMode",
    "MustResolveToSignalObject",
    "OutputFunctionCall",
    "OutputWhenUnConnected",
    "OutputWhenUnconnectedValue",
    "SignalName",
    "SignalObject",
    "StorageClass",
    "VectorParamsAs1DForOutWhenUnconnected"
   ],
   "values":[
    "1",
    "Port number",
    "off",
    "held",
    "[]",
    "[]",
    "[]",
    "single",
    "off",
    "inherit",
    "-1",
    "Inherit",
    "auto",
    "-1",
    "off",
    "inherit",
    "inherit",
    "off",
    "off",
    "off",
    "0",
    "",
    [
    ],
    "Auto",
    "on"
   ],
   "tabs":[
    "Main",
    "Signal Attributes",
    "Execution",
    "-Other"
   ],
   "tabs_idx":[
    0,
    5,
    13,
    14
   ]
  },
  "viewer":{
   "jshandler":"webview/handlers/ElementHandler"
  },
  "obj_viewer":[
  ],
  "finder":{
   "blocktype":"Outport",
   "masktype":""
  }
 },
 {
  "sid":"Torque_Control_ESP32_V6:163#out:1;line",
  "inspector":{
   "params":[
    "SignalNameFromLabel",
    "MustResolveToSignal",
    "ShowPropagatedSignal",
    "DataLogging",
    "TestPoint",
    "SignalObjectPackage",
    "StorageClass",
    "Description",
    "documentLink"
   ],
   "values":[
    "",
    "off",
    "off",
    "off",
    "off",
    "Simulink",
    "Auto",
    "",
    ""
   ],
   "tabs":[
    "Parameter Attributes",
    "Logging and Accessibility",
    "Code Generation",
    "Documentation"
   ],
   "tabs_idx":[
    0,
    3,
    5,
    7
   ]
  },
  "viewer":{
   "jshandler":"webview/handlers/ElementHandler"
  },
  "obj_viewer":[
  ],
  "finder":[
  ]
 }
]