[
 {
  "sid":"Torque_Control_ESP32_V6:202",
  "inspector":{
   "params":[
    "Port",
    "IconDisplay",
    "LatchByDelayingOutsideSignal",
    "LatchInputForFeedbackSignals",
    "OutputFunctionCall",
    "OutMin",
    "OutMax",
    "OutDataTypeStr",
    "LockScale",
    "Unit",
    "PortDimensions",
    "VarSizeSig",
    "SignalType",
    "SampleTime",
    "BusOutputAsStruct",
    "BusVirtuality",
    "DataMode",
    "EventTriggers",
    "InputConnect",
    "Interpolate",
    "MessageQueueCapacity",
    "MessageQueueOverwriting",
    "MessageQueueType",
    "MessageQueueUseDefaultAttributes"
   ],
   "values":[
    "1",
    "Port number",
    "off",
    "off",
    "off",
    "[]",
    "[]",
    "Inherit: auto",
    "off",
    "inherit",
    "-1",
    "Inherit",
    "auto",
    "-1",
    "off",
    "inherit",
    "inherit",
    [
    ],
    "",
    "on",
    "1",
    "on",
    "LIFO",
    "on"
   ],
   "tabs":[
    "Main",
    "Signal Attributes",
    "Execution",
    "-Other"
   ],
   "tabs_idx":[
    0,
    4,
    13,
    14
   ]
  },
  "viewer":{
   "jshandler":"webview/handlers/ElementHandler"
  },
  "obj_viewer":[
  ],
  "finder":{
   "blocktype":"Inport",
   "masktype":""
  }
 },
 {
  "sid":"Torque_Control_ESP32_V6:203",
  "inspector":{
   "params":[
    "Port",
    "IconDisplay",
    "LatchByDelayingOutsideSignal",
    "LatchInputForFeedbackSignals",
    "OutputFunctionCall",
    "OutMin",
    "OutMax",
    "OutDataTypeStr",
    "LockScale",
    "Unit",
    "PortDimensions",
    "VarSizeSig",
    "SignalType",
    "SampleTime",
    "BusOutputAsStruct",
    "BusVirtuality",
    "DataMode",
    "EventTriggers",
    "InputConnect",
    "Interpolate",
    "MessageQueueCapacity",
    "MessageQueueOverwriting",
    "MessageQueueType",
    "MessageQueueUseDefaultAttributes"
   ],
   "values":[
    "2",
    "Port number",
    "off",
    "off",
    "off",
    "[]",
    "[]",
    "Inherit: auto",
    "off",
    "inherit",
    "-1",
    "Inherit",
    "auto",
    "-1",
    "off",
    "inherit",
    "inherit",
    [
    ],
    "",
    "on",
    "1",
    "on",
    "LIFO",
    "on"
   ],
   "tabs":[
    "Main",
    "Signal Attributes",
    "Execution",
    "-Other"
   ],
   "tabs_idx":[
    0,
    4,
    13,
    14
   ]
  },
  "viewer":{
   "jshandler":"webview/handlers/ElementHandler"
  },
  "obj_viewer":[
  ],
  "finder":{
   "blocktype":"Inport",
   "masktype":""
  }
 },
 {
  "sid":"Torque_Control_ESP32_V6:204",
  "inspector":{
   "params":[
    "InitializeStates",
    "PropagateVarSize"
   ],
   "values":[
    "held",
    "Only when execution is resumed"
   ],
   "tabs":[
    "Parameter Attributes"
   ],
   "tabs_idx":0
  },
  "viewer":{
   "jshandler":"webview/handlers/ElementHandler"
  },
  "obj_viewer":[
  ],
  "finder":{
   "blocktype":"ActionPort",
   "masktype":""
  }
 },
 {
  "sid":"Torque_Control_ESP32_V6:205",
  "inspector":{
   "params":[
    "RoutineImpl",
    "TargetRoutineLibrary",
    "TargetedRoutine",
    "DataSpecification",
    "LookupTableObject",
    "Table",
    "BreakpointsSpecification",
    "BreakpointsForDimension1",
    "BreakpointsForDimension2",
    "BreakpointsForDimension1FirstPoint",
    "BreakpointsForDimension1Spacing",
    "BreakpointsForDimension2FirstPoint",
    "BreakpointsForDimension2Spacing",
    "IndexSearchMode",
    "BeginIndexSearchUsingPreviousIndexResult",
    "InterpMode",
    "RndMode",
    "TableDataTypeStr"
   ],
   "values":[
    "autosar.routines.ifxifl.Map",
    "IFL (floating-point)",
    "Ifl_IntIpoMap",
    "Table and breakpoints",
    "[]",
    "[0 0 0 0 0 0 0 0 0 0;5 15 17 20 20 20 20 18 16 16;10 30 34 40 40 40 40 36 32 32;15 45 51 60 60 60 60 54 48 48;20 60 68 80 80 80 80 72 64 64;25 75 85 100 100 100 100 90 80 80;30 90 102 120 120 120 120 108 96 96;35 105 119 140 140 140 140 126 112 112;40 120 136 160 160 160 160 144 128 128;45 135 153 180 180 180 180 162 144 144;50 150 170 200 200 200 200 180 160 160]",
    "Explicit values",
    "[0;10;20;30;40;50;60;70;80;90;100]",
    "[0;10;20;30;40;60;80;100;125;150]",
    "1",
    "1",
    "1",
    "1",
    "Linear search",
    "off",
    "Linear point-slope",
    "Round",
    "single"
   ],
   "tabs":[
   ],
   "tabs_idx":[
   ]
  },
  "viewer":{
   "jshandler":"webview/handlers/ElementHandler"
  },
  "obj_viewer":[
  ],
  "finder":{
   "blocktype":"Lookup_n-D",
   "masktype":"Map"
  }
 },
 {
  "sid":"Torque_Control_ESP32_V6:206",
  "inspector":{
   "params":[
    "Port",
    "IconDisplay",
    "EnsureOutportIsVirtual",
    "OutputWhenDisabled",
    "InitialOutput",
    "OutMin",
    "OutMax",
    "OutDataTypeStr",
    "LockScale",
    "Unit",
    "PortDimensions",
    "VarSizeSig",
    "SignalType",
    "SampleTime",
    "BusOutputAsStruct",
    "BusVirtuality",
    "DataMode",
    "MustResolveToSignalObject",
    "OutputFunctionCall",
    "OutputWhenUnConnected",
    "OutputWhenUnconnectedValue",
    "SignalName",
    "SignalObject",
    "StorageClass",
    "VectorParamsAs1DForOutWhenUnconnected"
   ],
   "values":[
    "1",
    "Port number",
    "off",
    "held",
    "[]",
    "[]",
    "[]",
    "single",
    "off",
    "inherit",
    "-1",
    "Inherit",
    "auto",
    "-1",
    "off",
    "inherit",
    "inherit",
    "off",
    "off",
    "off",
    "0",
    "",
    [
    ],
    "Auto",
    "on"
   ],
   "tabs":[
    "Main",
    "Signal Attributes",
    "Execution",
    "-Other"
   ],
   "tabs_idx":[
    0,
    5,
    13,
    14
   ]
  },
  "viewer":{
   "jshandler":"webview/handlers/ElementHandler"
  },
  "obj_viewer":[
  ],
  "finder":{
   "blocktype":"Outport",
   "masktype":""
  }
 },
 {
  "sid":"Torque_Control_ESP32_V6:202#out:1;line",
  "inspector":{
   "params":[
    "SignalNameFromLabel",
    "MustResolveToSignal",
    "ShowPropagatedSignal",
    "DataLogging",
    "TestPoint",
    "SignalObjectPackage",
    "StorageClass",
    "Description",
    "documentLink"
   ],
   "values":[
    "",
    "off",
    "off",
    "off",
    "off",
    "Simulink",
    "Auto",
    "",
    ""
   ],
   "tabs":[
    "Parameter Attributes",
    "Logging and Accessibility",
    "Code Generation",
    "Documentation"
   ],
   "tabs_idx":[
    0,
    3,
    5,
    7
   ]
  },
  "viewer":{
   "jshandler":"webview/handlers/ElementHandler"
  },
  "obj_viewer":[
  ],
  "finder":[
  ]
 },
 {
  "sid":"Torque_Control_ESP32_V6:203#out:1;line",
  "inspector":{
   "params":[
    "SignalNameFromLabel",
    "MustResolveToSignal",
    "ShowPropagatedSignal",
    "DataLogging",
    "TestPoint",
    "SignalObjectPackage",
    "StorageClass",
    "Description",
    "documentLink"
   ],
   "values":[
    "",
    "off",
    "off",
    "off",
    "off",
    "Simulink",
    "Auto",
    "",
    ""
   ],
   "tabs":[
    "Parameter Attributes",
    "Logging and Accessibility",
    "Code Generation",
    "Documentation"
   ],
   "tabs_idx":[
    0,
    3,
    5,
    7
   ]
  },
  "viewer":{
   "jshandler":"webview/handlers/ElementHandler"
  },
  "obj_viewer":[
  ],
  "finder":[
  ]
 },
 {
  "sid":"Torque_Control_ESP32_V6:205#out:1;line",
  "inspector":{
   "params":[
    "SignalNameFromLabel",
    "MustResolveToSignal",
    "ShowPropagatedSignal",
    "DataLogging",
    "TestPoint",
    "SignalObjectPackage",
    "StorageClass",
    "Description",
    "documentLink"
   ],
   "values":[
    "",
    "off",
    "off",
    "off",
    "off",
    "Simulink",
    "Auto",
    "",
    ""
   ],
   "tabs":[
    "Parameter Attributes",
    "Logging and Accessibility",
    "Code Generation",
    "Documentation"
   ],
   "tabs_idx":[
    0,
    3,
    5,
    7
   ]
  },
  "viewer":{
   "jshandler":"webview/handlers/ElementHandler"
  },
  "obj_viewer":[
  ],
  "finder":[
  ]
 }
]