[
 {
  "sid":"Torque_Control_ESP32_V6:24",
  "inspector":{
   "params":[
    "LabelPosition",
    "Binding",
    "ShowInitialText",
    "ShowPropertyInspector",
    "ScaleType",
    "Limits"
   ],
   "values":[
    "Top",
    "<Simulink.HMI.ParamSourceInfo>",
    "on",
    "",
    "Linear",
    [
     0,
     -1,
     100
    ]
   ],
   "tabs":[
    "Parameter Attributes"
   ],
   "tabs_idx":0
  },
  "viewer":{
   "jshandler":"webview/handlers/ElementHandler"
  },
  "obj_viewer":[
  ],
  "finder":{
   "blocktype":"KnobBlock",
   "masktype":""
  }
 },
 {
  "sid":"Torque_Control_ESP32_V6:25",
  "inspector":{
   "params":[
    "LabelPosition",
    "Binding",
    "ShowInitialText",
    "ShowPropertyInspector",
    "States"
   ],
   "values":[
    "Top",
    "<Simulink.HMI.ParamSourceInfo>",
    "on",
    "",
    "[2x1 struct w/ fields: Value, Label]"
   ],
   "tabs":[
    "Parameter Attributes"
   ],
   "tabs_idx":0
  },
  "viewer":{
   "jshandler":"webview/handlers/ElementHandler"
  },
  "obj_viewer":[
  ],
  "finder":{
   "blocktype":"SliderSwitchBlock",
   "masktype":""
  }
 },
 {
  "sid":"Torque_Control_ESP32_V6:26",
  "inspector":{
   "params":[
    "ShowPortLabels",
    "Permissions",
    "ErrorFcn",
    "PermitHierarchicalResolution",
    "ShowSubsystemReinitializePorts",
    "RTWSystemCode",
    "AllowFlexibleInterface",
    "AllowZeroVariantControls",
    "AutoFrameSizeCalculation",
    "BlockChoice",
    "CompiledActiveChoiceBlock",
    "CompiledActiveChoiceControl",
    "CompiledVariantActivationTime",
    "ExecutionDomainType",
    "FunctionInterfaceSpec",
    "FunctionWithSeparateData",
    "IsSubsystemVirtual",
    "LabelModeActiveChoice",
    "Latency",
    "MemberBlocks",
    "MinAlgLoopOccurrences",
    "PartitionName",
    "PropagateVariantConditions",
    "RTWFcnName",
    "RTWFcnNameOpts",
    "RTWFileName",
    "RTWFileNameOpts",
    "RTWMemSecDataConstants",
    "RTWMemSecDataInternal",
    "RTWMemSecDataParameters",
    "RTWMemSecFuncExecute",
    "RTWMemSecFuncInitTerm",
    "ReferencedSubsystem",
    "ScheduleAs",
    "SetExecutionDomain",
    "SystemSampleTime",
    "TemplateBlock",
    "TreatAsAtomicUnit",
    "TreatAsGroupedWhenPropagatingVariantConditions",
    "Variant",
    "VariantActivationTime",
    "VariantChoices",
    "VariantChoicesEnumeration",
    "VariantChoicesSpecifier",
    "VariantControl",
    "VariantControlMode",
    "VariantControlVariable"
   ],
   "values":[
    "FromPortIcon",
    "ReadWrite",
    "",
    "All",
    "off",
    "Auto",
    "on",
    "off",
    "off",
    "",
    "",
    "",
    "update diagram",
    "Deduce",
    "void_void",
    "off",
    "off",
    "",
    "0",
    "",
    "off",
    "",
    "off",
    "",
    "Auto",
    "",
    "Auto",
    "Inherit from model",
    "Inherit from model",
    "Inherit from model",
    "Inherit from model",
    "Inherit from model",
    "",
    "Sample time",
    "off",
    "-1",
    "",
    "on",
    "on",
    "off",
    "update diagram",
    [
    ],
    "",
    "",
    "",
    "expression",
    ""
   ],
   "tabs":[
    "Main",
    "Code Generation",
    "-Other"
   ],
   "tabs_idx":[
    0,
    5,
    6
   ]
  },
  "viewer":{
   "jshandler":"webview/handlers/ElementHandler"
  },
  "obj_viewer":[
  ],
  "finder":{
   "blocktype":"SubSystem",
   "masktype":""
  }
 },
 {
  "sid":"Torque_Control_ESP32_V6:34",
  "inspector":{
   "params":[
    "ShowPortLabels",
    "Permissions",
    "ErrorFcn",
    "PermitHierarchicalResolution",
    "ShowSubsystemReinitializePorts",
    "RTWSystemCode",
    "AllowFlexibleInterface",
    "AllowZeroVariantControls",
    "AutoFrameSizeCalculation",
    "BlockChoice",
    "CompiledActiveChoiceBlock",
    "CompiledActiveChoiceControl",
    "CompiledVariantActivationTime",
    "ExecutionDomainType",
    "FunctionInterfaceSpec",
    "FunctionWithSeparateData",
    "IsSubsystemVirtual",
    "LabelModeActiveChoice",
    "Latency",
    "MemberBlocks",
    "MinAlgLoopOccurrences",
    "PartitionName",
    "PropagateVariantConditions",
    "RTWFcnName",
    "RTWFcnNameOpts",
    "RTWFileName",
    "RTWFileNameOpts",
    "RTWMemSecDataConstants",
    "RTWMemSecDataInternal",
    "RTWMemSecDataParameters",
    "RTWMemSecFuncExecute",
    "RTWMemSecFuncInitTerm",
    "ReferencedSubsystem",
    "ScheduleAs",
    "SetExecutionDomain",
    "SystemSampleTime",
    "TemplateBlock",
    "TreatAsAtomicUnit",
    "TreatAsGroupedWhenPropagatingVariantConditions",
    "Variant",
    "VariantActivationTime",
    "VariantChoices",
    "VariantChoicesEnumeration",
    "VariantChoicesSpecifier",
    "VariantControl",
    "VariantControlMode",
    "VariantControlVariable"
   ],
   "values":[
    "FromPortIcon",
    "ReadWrite",
    "",
    "All",
    "off",
    "Auto",
    "on",
    "off",
    "off",
    "",
    "",
    "",
    "update diagram",
    "Deduce",
    "void_void",
    "off",
    "off",
    "",
    "0",
    "",
    "off",
    "",
    "off",
    "",
    "Auto",
    "",
    "Auto",
    "Inherit from model",
    "Inherit from model",
    "Inherit from model",
    "Inherit from model",
    "Inherit from model",
    "",
    "Sample time",
    "off",
    "-1",
    "",
    "on",
    "on",
    "off",
    "update diagram",
    [
    ],
    "",
    "",
    "",
    "expression",
    ""
   ],
   "tabs":[
    "Main",
    "Code Generation",
    "-Other"
   ],
   "tabs_idx":[
    0,
    5,
    6
   ]
  },
  "viewer":{
   "jshandler":"webview/handlers/ElementHandler"
  },
  "obj_viewer":[
  ],
  "finder":{
   "blocktype":"SubSystem",
   "masktype":""
  }
 },
 {
  "sid":"Torque_Control_ESP32_V6:123",
  "inspector":{
   "params":[
    "ShowPortLabels",
    "Permissions",
    "ErrorFcn",
    "PermitHierarchicalResolution",
    "ShowSubsystemReinitializePorts",
    "RTWSystemCode",
    "AllowFlexibleInterface",
    "AllowZeroVariantControls",
    "AutoFrameSizeCalculation",
    "BlockChoice",
    "CompiledActiveChoiceBlock",
    "CompiledActiveChoiceControl",
    "CompiledVariantActivationTime",
    "ExecutionDomainType",
    "FunctionInterfaceSpec",
    "FunctionWithSeparateData",
    "IsSubsystemVirtual",
    "LabelModeActiveChoice",
    "Latency",
    "MemberBlocks",
    "MinAlgLoopOccurrences",
    "PartitionName",
    "PropagateVariantConditions",
    "RTWFcnName",
    "RTWFcnNameOpts",
    "RTWFileName",
    "RTWFileNameOpts",
    "RTWMemSecDataConstants",
    "RTWMemSecDataInternal",
    "RTWMemSecDataParameters",
    "RTWMemSecFuncExecute",
    "RTWMemSecFuncInitTerm",
    "ReferencedSubsystem",
    "ScheduleAs",
    "SetExecutionDomain",
    "SystemSampleTime",
    "TemplateBlock",
    "TreatAsAtomicUnit",
    "TreatAsGroupedWhenPropagatingVariantConditions",
    "Variant",
    "VariantActivationTime",
    "VariantChoices",
    "VariantChoicesEnumeration",
    "VariantChoicesSpecifier",
    "VariantControl",
    "VariantControlMode",
    "VariantControlVariable"
   ],
   "values":[
    "FromPortIcon",
    "ReadWrite",
    "",
    "All",
    "off",
    "Auto",
    "on",
    "off",
    "off",
    "",
    "",
    "",
    "update diagram",
    "Deduce",
    "void_void",
    "off",
    "off",
    "",
    "0",
    "",
    "off",
    "",
    "off",
    "",
    "Auto",
    "",
    "Auto",
    "Inherit from model",
    "Inherit from model",
    "Inherit from model",
    "Inherit from model",
    "Inherit from model",
    "",
    "Sample time",
    "off",
    "-1",
    "",
    "on",
    "on",
    "off",
    "update diagram",
    [
    ],
    "",
    "",
    "",
    "expression",
    ""
   ],
   "tabs":[
    "Main",
    "Code Generation",
    "-Other"
   ],
   "tabs_idx":[
    0,
    5,
    6
   ]
  },
  "viewer":{
   "jshandler":"webview/handlers/ElementHandler"
  },
  "obj_viewer":[
  ],
  "finder":{
   "blocktype":"SubSystem",
   "masktype":""
  }
 },
 {
  "sid":"Torque_Control_ESP32_V6:134",
  "inspector":{
   "params":[
    "LabelPosition",
    "Binding",
    "ShowInitialText",
    "ShowPropertyInspector",
    "fixedAspectRatio",
    "format",
    "formatString"
   ],
   "values":[
    "Hide",
    "<Simulink.HMI.ParamSourceInfo>",
    "on",
    "",
    "on",
    "",
    ""
   ],
   "tabs":[
    "Parameter Attributes"
   ],
   "tabs_idx":0
  },
  "viewer":{
   "jshandler":"webview/handlers/ElementHandler"
  },
  "obj_viewer":[
  ],
  "finder":{
   "blocktype":"CustomTuningWebBlock",
   "masktype":""
  }
 },
 {
  "sid":"Torque_Control_ESP32_V6:135",
  "inspector":{
   "params":[
    "sample_time",
    "numberOfIterations",
    "DisallowWideOutput",
    "ShowEnablePort"
   ],
   "values":[
    "0.001",
    "1",
    "off",
    "off"
   ],
   "tabs":[
   ],
   "tabs_idx":[
   ]
  },
  "viewer":{
   "jshandler":"webview/handlers/ElementHandler"
  },
  "obj_viewer":[
  ],
  "finder":{
   "blocktype":"S-Function",
   "masktype":"Function-Call Generator"
  }
 },
 {
  "sid":"Torque_Control_ESP32_V6:136",
  "inspector":{
   "params":[
    "sample_time",
    "numberOfIterations",
    "DisallowWideOutput",
    "ShowEnablePort"
   ],
   "values":[
    "0.001",
    "1",
    "off",
    "off"
   ],
   "tabs":[
   ],
   "tabs_idx":[
   ]
  },
  "viewer":{
   "jshandler":"webview/handlers/ElementHandler"
  },
  "obj_viewer":[
  ],
  "finder":{
   "blocktype":"S-Function",
   "masktype":"Function-Call Generator"
  }
 },
 {
  "sid":"Torque_Control_ESP32_V6:137",
  "inspector":{
   "params":[
    "sample_time",
    "numberOfIterations",
    "DisallowWideOutput",
    "ShowEnablePort"
   ],
   "values":[
    "0.001",
    "1",
    "off",
    "off"
   ],
   "tabs":[
   ],
   "tabs_idx":[
   ]
  },
  "viewer":{
   "jshandler":"webview/handlers/ElementHandler"
  },
  "obj_viewer":[
  ],
  "finder":{
   "blocktype":"S-Function",
   "masktype":"Function-Call Generator"
  }
 },
 {
  "sid":"Torque_Control_ESP32_V6:138",
  "inspector":{
   "params":[
    "sample_time",
    "numberOfIterations",
    "DisallowWideOutput",
    "ShowEnablePort"
   ],
   "values":[
    "0.001",
    "1",
    "off",
    "off"
   ],
   "tabs":[
   ],
   "tabs_idx":[
   ]
  },
  "viewer":{
   "jshandler":"webview/handlers/ElementHandler"
  },
  "obj_viewer":[
  ],
  "finder":{
   "blocktype":"S-Function",
   "masktype":"Function-Call Generator"
  }
 },
 {
  "sid":"Torque_Control_ESP32_V6:139",
  "inspector":{
   "params":[
    "sample_time",
    "numberOfIterations",
    "DisallowWideOutput",
    "ShowEnablePort"
   ],
   "values":[
    "0.001",
    "1",
    "off",
    "off"
   ],
   "tabs":[
   ],
   "tabs_idx":[
   ]
  },
  "viewer":{
   "jshandler":"webview/handlers/ElementHandler"
  },
  "obj_viewer":[
  ],
  "finder":{
   "blocktype":"S-Function",
   "masktype":"Function-Call Generator"
  }
 },
 {
  "sid":"Torque_Control_ESP32_V6:140",
  "inspector":{
   "params":[
    "sample_time",
    "numberOfIterations",
    "DisallowWideOutput",
    "ShowEnablePort"
   ],
   "values":[
    "0.001",
    "1",
    "off",
    "off"
   ],
   "tabs":[
   ],
   "tabs_idx":[
   ]
  },
  "viewer":{
   "jshandler":"webview/handlers/ElementHandler"
  },
  "obj_viewer":[
  ],
  "finder":{
   "blocktype":"S-Function",
   "masktype":"Function-Call Generator"
  }
 },
 {
  "sid":"Torque_Control_ESP32_V6:141",
  "inspector":{
   "params":[
    "LabelPosition",
    "Binding",
    "ShowInitialText",
    "ShowPropertyInspector",
    "States",
    "UseEnumeratedDataType",
    "EnumeratedDataType"
   ],
   "values":[
    "Top",
    "<Simulink.HMI.ParamSourceInfo>",
    "on",
    "",
    "[4x1 struct w/ fields: Value, Label]",
    "off",
    ""
   ],
   "tabs":[
    "Parameter Attributes"
   ],
   "tabs_idx":0
  },
  "viewer":{
   "jshandler":"webview/handlers/ElementHandler"
  },
  "obj_viewer":[
  ],
  "finder":{
   "blocktype":"RotarySwitchBlock",
   "masktype":""
  }
 },
 {
  "sid":"Torque_Control_ESP32_V6:142",
  "inspector":{
   "params":[
    "ShowPortLabels",
    "Permissions",
    "ErrorFcn",
    "PermitHierarchicalResolution",
    "ShowSubsystemReinitializePorts",
    "RTWSystemCode",
    "AllowFlexibleInterface",
    "AllowZeroVariantControls",
    "AutoFrameSizeCalculation",
    "BlockChoice",
    "CompiledActiveChoiceBlock",
    "CompiledActiveChoiceControl",
    "CompiledVariantActivationTime",
    "ExecutionDomainType",
    "FunctionInterfaceSpec",
    "FunctionWithSeparateData",
    "IsSubsystemVirtual",
    "LabelModeActiveChoice",
    "Latency",
    "MemberBlocks",
    "MinAlgLoopOccurrences",
    "PartitionName",
    "PropagateVariantConditions",
    "RTWFcnName",
    "RTWFcnNameOpts",
    "RTWFileName",
    "RTWFileNameOpts",
    "RTWMemSecDataConstants",
    "RTWMemSecDataInternal",
    "RTWMemSecDataParameters",
    "RTWMemSecFuncExecute",
    "RTWMemSecFuncInitTerm",
    "ReferencedSubsystem",
    "ScheduleAs",
    "SetExecutionDomain",
    "SystemSampleTime",
    "TemplateBlock",
    "TreatAsAtomicUnit",
    "TreatAsGroupedWhenPropagatingVariantConditions",
    "Variant",
    "VariantActivationTime",
    "VariantChoices",
    "VariantChoicesEnumeration",
    "VariantChoicesSpecifier",
    "VariantControl",
    "VariantControlMode",
    "VariantControlVariable"
   ],
   "values":[
    "FromPortIcon",
    "ReadWrite",
    "",
    "All",
    "off",
    "Auto",
    "on",
    "off",
    "off",
    "",
    "",
    "",
    "update diagram",
    "Deduce",
    "void_void",
    "off",
    "off",
    "",
    "0",
    "",
    "off",
    "",
    "off",
    "",
    "Auto",
    "",
    "Auto",
    "Inherit from model",
    "Inherit from model",
    "Inherit from model",
    "Inherit from model",
    "Inherit from model",
    "",
    "Sample time",
    "off",
    "-1",
    "",
    "on",
    "on",
    "off",
    "update diagram",
    [
    ],
    "",
    "",
    "",
    "expression",
    ""
   ],
   "tabs":[
    "Main",
    "Code Generation",
    "-Other"
   ],
   "tabs_idx":[
    0,
    5,
    6
   ]
  },
  "viewer":{
   "jshandler":"webview/handlers/ElementHandler"
  },
  "obj_viewer":[
  ],
  "finder":{
   "blocktype":"SubSystem",
   "masktype":""
  }
 },
 {
  "sid":"Torque_Control_ESP32_V6:153",
  "inspector":{
   "params":[
    "ShowPortLabels",
    "Permissions",
    "ErrorFcn",
    "PermitHierarchicalResolution",
    "ShowSubsystemReinitializePorts",
    "RTWSystemCode",
    "AllowFlexibleInterface",
    "AllowZeroVariantControls",
    "AutoFrameSizeCalculation",
    "BlockChoice",
    "CompiledActiveChoiceBlock",
    "CompiledActiveChoiceControl",
    "CompiledVariantActivationTime",
    "ExecutionDomainType",
    "FunctionInterfaceSpec",
    "FunctionWithSeparateData",
    "IsSubsystemVirtual",
    "LabelModeActiveChoice",
    "Latency",
    "MemberBlocks",
    "MinAlgLoopOccurrences",
    "PartitionName",
    "PropagateVariantConditions",
    "RTWFcnName",
    "RTWFcnNameOpts",
    "RTWFileName",
    "RTWFileNameOpts",
    "RTWMemSecDataConstants",
    "RTWMemSecDataInternal",
    "RTWMemSecDataParameters",
    "RTWMemSecFuncExecute",
    "RTWMemSecFuncInitTerm",
    "ReferencedSubsystem",
    "ScheduleAs",
    "SetExecutionDomain",
    "SystemSampleTime",
    "TemplateBlock",
    "TreatAsAtomicUnit",
    "TreatAsGroupedWhenPropagatingVariantConditions",
    "Variant",
    "VariantActivationTime",
    "VariantChoices",
    "VariantChoicesEnumeration",
    "VariantChoicesSpecifier",
    "VariantControl",
    "VariantControlMode",
    "VariantControlVariable"
   ],
   "values":[
    "FromPortIcon",
    "ReadWrite",
    "",
    "All",
    "off",
    "Auto",
    "on",
    "off",
    "off",
    "",
    "",
    "",
    "update diagram",
    "Deduce",
    "void_void",
    "off",
    "off",
    "",
    "0",
    "",
    "off",
    "",
    "off",
    "",
    "Auto",
    "",
    "Auto",
    "Inherit from model",
    "Inherit from model",
    "Inherit from model",
    "Inherit from model",
    "Inherit from model",
    "",
    "Sample time",
    "off",
    "-1",
    "",
    "on",
    "on",
    "off",
    "update diagram",
    [
    ],
    "",
    "",
    "",
    "expression",
    ""
   ],
   "tabs":[
    "Main",
    "Code Generation",
    "-Other"
   ],
   "tabs_idx":[
    0,
    5,
    6
   ]
  },
  "viewer":{
   "jshandler":"webview/handlers/ElementHandler"
  },
  "obj_viewer":[
  ],
  "finder":{
   "blocktype":"SubSystem",
   "masktype":""
  }
 },
 {
  "sid":"Torque_Control_ESP32_V6:242",
  "inspector":{
   "params":[
    "LabelPosition",
    "Binding",
    "ShowInitialText",
    "ShowPropertyInspector",
    "States"
   ],
   "values":[
    "Top",
    "<Simulink.HMI.ParamSourceInfo>",
    "on",
    "",
    "[2x1 struct w/ fields: Value, Label]"
   ],
   "tabs":[
    "Parameter Attributes"
   ],
   "tabs_idx":0
  },
  "viewer":{
   "jshandler":"webview/handlers/ElementHandler"
  },
  "obj_viewer":[
  ],
  "finder":{
   "blocktype":"ToggleSwitchBlock",
   "masktype":""
  }
 },
 {
  "sid":"Torque_Control_ESP32_V6:243",
  "inspector":{
   "params":[
    "LabelPosition",
    "Binding",
    "ShowInitialText",
    "ShowPropertyInspector",
    "ScaleType",
    "Limits"
   ],
   "values":[
    "Top",
    "<Simulink.HMI.ParamSourceInfo>",
    "on",
    "",
    "Linear",
    [
     0,
     -1,
     5000
    ]
   ],
   "tabs":[
    "Parameter Attributes"
   ],
   "tabs_idx":0
  },
  "viewer":{
   "jshandler":"webview/handlers/ElementHandler"
  },
  "obj_viewer":[
  ],
  "finder":{
   "blocktype":"SliderBlock",
   "masktype":""
  }
 },
 {
  "sid":"Torque_Control_ESP32_V6:244",
  "inspector":{
   "params":[
    "ShowPortLabels",
    "Permissions",
    "ErrorFcn",
    "PermitHierarchicalResolution",
    "ShowSubsystemReinitializePorts",
    "RTWSystemCode",
    "AllowFlexibleInterface",
    "AllowZeroVariantControls",
    "AutoFrameSizeCalculation",
    "BlockChoice",
    "CompiledActiveChoiceBlock",
    "CompiledActiveChoiceControl",
    "CompiledVariantActivationTime",
    "ExecutionDomainType",
    "FunctionInterfaceSpec",
    "FunctionWithSeparateData",
    "IsSubsystemVirtual",
    "LabelModeActiveChoice",
    "Latency",
    "MemberBlocks",
    "MinAlgLoopOccurrences",
    "PartitionName",
    "PropagateVariantConditions",
    "RTWFcnName",
    "RTWFcnNameOpts",
    "RTWFileName",
    "RTWFileNameOpts",
    "RTWMemSecDataConstants",
    "RTWMemSecDataInternal",
    "RTWMemSecDataParameters",
    "RTWMemSecFuncExecute",
    "RTWMemSecFuncInitTerm",
    "ReferencedSubsystem",
    "ScheduleAs",
    "SetExecutionDomain",
    "SystemSampleTime",
    "TemplateBlock",
    "TreatAsAtomicUnit",
    "TreatAsGroupedWhenPropagatingVariantConditions",
    "Variant",
    "VariantActivationTime",
    "VariantChoices",
    "VariantChoicesEnumeration",
    "VariantChoicesSpecifier",
    "VariantControl",
    "VariantControlMode",
    "VariantControlVariable"
   ],
   "values":[
    "FromPortIcon",
    "ReadWrite",
    "",
    "All",
    "off",
    "Auto",
    "on",
    "off",
    "off",
    "",
    "",
    "",
    "update diagram",
    "Deduce",
    "void_void",
    "off",
    "off",
    "",
    "0",
    "",
    "off",
    "",
    "off",
    "",
    "Auto",
    "",
    "Auto",
    "Inherit from model",
    "Inherit from model",
    "Inherit from model",
    "Inherit from model",
    "Inherit from model",
    "",
    "Sample time",
    "off",
    "-1",
    "",
    "on",
    "on",
    "off",
    "update diagram",
    [
    ],
    "",
    "",
    "",
    "expression",
    ""
   ],
   "tabs":[
    "Main",
    "Code Generation",
    "-Other"
   ],
   "tabs_idx":[
    0,
    5,
    6
   ]
  },
  "viewer":{
   "jshandler":"webview/handlers/ElementHandler"
  },
  "obj_viewer":[
  ],
  "finder":{
   "blocktype":"SubSystem",
   "masktype":""
  }
 },
 {
  "sid":"Torque_Control_ESP32_V6:308",
  "inspector":{
   "params":[
    "LabelPosition",
    "Binding",
    "ShowInitialText",
    "ShowPropertyInspector",
    "ScaleType",
    "Limits"
   ],
   "values":[
    "Top",
    "<Simulink.HMI.ParamSourceInfo>",
    "on",
    "",
    "Linear",
    [
     0,
     -1,
     30
    ]
   ],
   "tabs":[
    "Parameter Attributes"
   ],
   "tabs_idx":0
  },
  "viewer":{
   "jshandler":"webview/handlers/ElementHandler"
  },
  "obj_viewer":[
  ],
  "finder":{
   "blocktype":"SliderBlock",
   "masktype":""
  }
 },
 {
  "sid":"Torque_Control_ESP32_V6:309",
  "inspector":{
   "params":[
    "PlainText",
    "DropShadow",
    "Interpreter",
    "FontName",
    "FontWeight",
    "FontSize",
    "FontAngle",
    "ForegroundColor",
    "BackgroundColor",
    "HorizontalAlignment",
    "UseDisplayTextAsClickCallback",
    "ClickFcn"
   ],
   "values":[
    "Real time Simulation",
    "on",
    "off",
    "auto",
    "auto",
    12,
    "auto",
    "[0.901961, 0.901961, 1.000000]",
    "[0.901961, 0.901961, 1.000000]",
    "left",
    "off",
    ""
   ],
   "tabs":[
   ],
   "tabs_idx":[
   ]
  },
  "viewer":{
   "jshandler":"webview/handlers/ElementHandler"
  },
  "obj_viewer":[
  ],
  "finder":[
  ]
 },
 {
  "sid":"Torque_Control_ESP32_V6:34#out:6;line",
  "inspector":{
   "params":[
    "SignalNameFromLabel",
    "MustResolveToSignal",
    "ShowPropagatedSignal",
    "DataLogging",
    "TestPoint",
    "SignalObjectPackage",
    "StorageClass",
    "Description",
    "documentLink"
   ],
   "values":[
    "",
    "off",
    "off",
    "on",
    "off",
    "Simulink",
    "Auto",
    "",
    ""
   ],
   "tabs":[
    "Parameter Attributes",
    "Logging and Accessibility",
    "Code Generation",
    "Documentation"
   ],
   "tabs_idx":[
    0,
    3,
    5,
    7
   ]
  },
  "viewer":{
   "jshandler":"webview/handlers/ElementHandler"
  },
  "obj_viewer":[
  ],
  "finder":[
  ]
 },
 {
  "sid":"Torque_Control_ESP32_V6:34#out:9;line",
  "inspector":{
   "params":[
    "SignalNameFromLabel",
    "MustResolveToSignal",
    "ShowPropagatedSignal",
    "DataLogging",
    "TestPoint",
    "SignalObjectPackage",
    "StorageClass",
    "Description",
    "documentLink"
   ],
   "values":[
    "",
    "off",
    "off",
    "on",
    "off",
    "Simulink",
    "Auto",
    "",
    ""
   ],
   "tabs":[
    "Parameter Attributes",
    "Logging and Accessibility",
    "Code Generation",
    "Documentation"
   ],
   "tabs_idx":[
    0,
    3,
    5,
    7
   ]
  },
  "viewer":{
   "jshandler":"webview/handlers/ElementHandler"
  },
  "obj_viewer":[
  ],
  "finder":[
  ]
 },
 {
  "sid":"Torque_Control_ESP32_V6:34#out:1;line",
  "inspector":{
   "params":[
    "SignalNameFromLabel",
    "MustResolveToSignal",
    "ShowPropagatedSignal",
    "DataLogging",
    "TestPoint",
    "SignalObjectPackage",
    "StorageClass",
    "Description",
    "documentLink"
   ],
   "values":[
    "",
    "off",
    "off",
    "on",
    "off",
    "Simulink",
    "Auto",
    "",
    ""
   ],
   "tabs":[
    "Parameter Attributes",
    "Logging and Accessibility",
    "Code Generation",
    "Documentation"
   ],
   "tabs_idx":[
    0,
    3,
    5,
    7
   ]
  },
  "viewer":{
   "jshandler":"webview/handlers/ElementHandler"
  },
  "obj_viewer":[
  ],
  "finder":[
  ]
 },
 {
  "sid":"Torque_Control_ESP32_V6:244#out:1;line",
  "inspector":{
   "params":[
    "SignalNameFromLabel",
    "MustResolveToSignal",
    "ShowPropagatedSignal",
    "DataLogging",
    "TestPoint",
    "SignalObjectPackage",
    "StorageClass",
    "Description",
    "documentLink"
   ],
   "values":[
    "",
    "off",
    "off",
    "on",
    "off",
    "Simulink",
    "Auto",
    "",
    ""
   ],
   "tabs":[
    "Parameter Attributes",
    "Logging and Accessibility",
    "Code Generation",
    "Documentation"
   ],
   "tabs_idx":[
    0,
    3,
    5,
    7
   ]
  },
  "viewer":{
   "jshandler":"webview/handlers/ElementHandler"
  },
  "obj_viewer":[
  ],
  "finder":[
  ]
 },
 {
  "sid":"Torque_Control_ESP32_V6:34#out:2;line",
  "inspector":{
   "params":[
    "SignalNameFromLabel",
    "MustResolveToSignal",
    "ShowPropagatedSignal",
    "DataLogging",
    "TestPoint",
    "SignalObjectPackage",
    "StorageClass",
    "Description",
    "documentLink"
   ],
   "values":[
    "",
    "off",
    "off",
    "on",
    "off",
    "Simulink",
    "Auto",
    "",
    ""
   ],
   "tabs":[
    "Parameter Attributes",
    "Logging and Accessibility",
    "Code Generation",
    "Documentation"
   ],
   "tabs_idx":[
    0,
    3,
    5,
    7
   ]
  },
  "viewer":{
   "jshandler":"webview/handlers/ElementHandler"
  },
  "obj_viewer":[
  ],
  "finder":[
  ]
 },
 {
  "sid":"Torque_Control_ESP32_V6:153#out:1;line",
  "inspector":{
   "params":[
    "SignalNameFromLabel",
    "MustResolveToSignal",
    "ShowPropagatedSignal",
    "DataLogging",
    "TestPoint",
    "SignalObjectPackage",
    "StorageClass",
    "Description",
    "documentLink"
   ],
   "values":[
    "",
    "off",
    "off",
    "on",
    "off",
    "Simulink",
    "Auto",
    "",
    ""
   ],
   "tabs":[
    "Parameter Attributes",
    "Logging and Accessibility",
    "Code Generation",
    "Documentation"
   ],
   "tabs_idx":[
    0,
    3,
    5,
    7
   ]
  },
  "viewer":{
   "jshandler":"webview/handlers/ElementHandler"
  },
  "obj_viewer":[
  ],
  "finder":[
  ]
 },
 {
  "sid":"Torque_Control_ESP32_V6:34#out:10;line",
  "inspector":{
   "params":[
    "SignalNameFromLabel",
    "MustResolveToSignal",
    "ShowPropagatedSignal",
    "DataLogging",
    "TestPoint",
    "SignalObjectPackage",
    "StorageClass",
    "Description",
    "documentLink"
   ],
   "values":[
    "",
    "off",
    "off",
    "on",
    "off",
    "Simulink",
    "Auto",
    "",
    ""
   ],
   "tabs":[
    "Parameter Attributes",
    "Logging and Accessibility",
    "Code Generation",
    "Documentation"
   ],
   "tabs_idx":[
    0,
    3,
    5,
    7
   ]
  },
  "viewer":{
   "jshandler":"webview/handlers/ElementHandler"
  },
  "obj_viewer":[
  ],
  "finder":[
  ]
 },
 {
  "sid":"Torque_Control_ESP32_V6:244#out:2;line",
  "inspector":{
   "params":[
    "SignalNameFromLabel",
    "MustResolveToSignal",
    "ShowPropagatedSignal",
    "DataLogging",
    "TestPoint",
    "SignalObjectPackage",
    "StorageClass",
    "Description",
    "documentLink"
   ],
   "values":[
    "",
    "off",
    "off",
    "on",
    "off",
    "Simulink",
    "Auto",
    "",
    ""
   ],
   "tabs":[
    "Parameter Attributes",
    "Logging and Accessibility",
    "Code Generation",
    "Documentation"
   ],
   "tabs_idx":[
    0,
    3,
    5,
    7
   ]
  },
  "viewer":{
   "jshandler":"webview/handlers/ElementHandler"
  },
  "obj_viewer":[
  ],
  "finder":[
  ]
 },
 {
  "sid":"Torque_Control_ESP32_V6:26#out:1;line",
  "inspector":{
   "params":[
    "SignalNameFromLabel",
    "MustResolveToSignal",
    "ShowPropagatedSignal",
    "DataLogging",
    "TestPoint",
    "SignalObjectPackage",
    "StorageClass",
    "Description",
    "documentLink"
   ],
   "values":[
    "",
    "off",
    "off",
    "on",
    "off",
    "Simulink",
    "Auto",
    "",
    ""
   ],
   "tabs":[
    "Parameter Attributes",
    "Logging and Accessibility",
    "Code Generation",
    "Documentation"
   ],
   "tabs_idx":[
    0,
    3,
    5,
    7
   ]
  },
  "viewer":{
   "jshandler":"webview/handlers/ElementHandler"
  },
  "obj_viewer":[
  ],
  "finder":[
  ]
 },
 {
  "sid":"Torque_Control_ESP32_V6:34#out:4;line",
  "inspector":{
   "params":[
    "SignalNameFromLabel",
    "MustResolveToSignal",
    "ShowPropagatedSignal",
    "DataLogging",
    "TestPoint",
    "SignalObjectPackage",
    "StorageClass",
    "Description",
    "documentLink"
   ],
   "values":[
    "",
    "off",
    "off",
    "on",
    "off",
    "Simulink",
    "Auto",
    "",
    ""
   ],
   "tabs":[
    "Parameter Attributes",
    "Logging and Accessibility",
    "Code Generation",
    "Documentation"
   ],
   "tabs_idx":[
    0,
    3,
    5,
    7
   ]
  },
  "viewer":{
   "jshandler":"webview/handlers/ElementHandler"
  },
  "obj_viewer":[
  ],
  "finder":[
  ]
 },
 {
  "sid":"Torque_Control_ESP32_V6:142#out:1;line",
  "inspector":{
   "params":[
    "SignalNameFromLabel",
    "MustResolveToSignal",
    "ShowPropagatedSignal",
    "DataLogging",
    "TestPoint",
    "SignalObjectPackage",
    "StorageClass",
    "Description",
    "documentLink"
   ],
   "values":[
    "",
    "off",
    "off",
    "on",
    "off",
    "Simulink",
    "Auto",
    "",
    ""
   ],
   "tabs":[
    "Parameter Attributes",
    "Logging and Accessibility",
    "Code Generation",
    "Documentation"
   ],
   "tabs_idx":[
    0,
    3,
    5,
    7
   ]
  },
  "viewer":{
   "jshandler":"webview/handlers/ElementHandler"
  },
  "obj_viewer":[
  ],
  "finder":[
  ]
 },
 {
  "sid":"Torque_Control_ESP32_V6:34#out:3;line",
  "inspector":{
   "params":[
    "SignalNameFromLabel",
    "MustResolveToSignal",
    "ShowPropagatedSignal",
    "DataLogging",
    "TestPoint",
    "SignalObjectPackage",
    "StorageClass",
    "Description",
    "documentLink"
   ],
   "values":[
    "",
    "off",
    "off",
    "on",
    "off",
    "Simulink",
    "Auto",
    "",
    ""
   ],
   "tabs":[
    "Parameter Attributes",
    "Logging and Accessibility",
    "Code Generation",
    "Documentation"
   ],
   "tabs_idx":[
    0,
    3,
    5,
    7
   ]
  },
  "viewer":{
   "jshandler":"webview/handlers/ElementHandler"
  },
  "obj_viewer":[
  ],
  "finder":[
  ]
 },
 {
  "sid":"Torque_Control_ESP32_V6:137#out:1;line",
  "inspector":{
   "params":[
    "SignalNameFromLabel",
    "MustResolveToSignal",
    "ShowPropagatedSignal",
    "DataLogging",
    "TestPoint",
    "SignalObjectPackage",
    "StorageClass",
    "Description",
    "documentLink"
   ],
   "values":[
    "",
    "off",
    "off",
    "off",
    "off",
    "Simulink",
    "Auto",
    "",
    ""
   ],
   "tabs":[
    "Parameter Attributes",
    "Logging and Accessibility",
    "Code Generation",
    "Documentation"
   ],
   "tabs_idx":[
    0,
    3,
    5,
    7
   ]
  },
  "viewer":{
   "jshandler":"webview/handlers/ElementHandler"
  },
  "obj_viewer":[
  ],
  "finder":[
  ]
 },
 {
  "sid":"Torque_Control_ESP32_V6:135#out:1;line",
  "inspector":{
   "params":[
    "SignalNameFromLabel",
    "MustResolveToSignal",
    "ShowPropagatedSignal",
    "DataLogging",
    "TestPoint",
    "SignalObjectPackage",
    "StorageClass",
    "Description",
    "documentLink"
   ],
   "values":[
    "",
    "off",
    "off",
    "off",
    "off",
    "Simulink",
    "Auto",
    "",
    ""
   ],
   "tabs":[
    "Parameter Attributes",
    "Logging and Accessibility",
    "Code Generation",
    "Documentation"
   ],
   "tabs_idx":[
    0,
    3,
    5,
    7
   ]
  },
  "viewer":{
   "jshandler":"webview/handlers/ElementHandler"
  },
  "obj_viewer":[
  ],
  "finder":[
  ]
 },
 {
  "sid":"Torque_Control_ESP32_V6:136#out:1;line",
  "inspector":{
   "params":[
    "SignalNameFromLabel",
    "MustResolveToSignal",
    "ShowPropagatedSignal",
    "DataLogging",
    "TestPoint",
    "SignalObjectPackage",
    "StorageClass",
    "Description",
    "documentLink"
   ],
   "values":[
    "",
    "off",
    "off",
    "off",
    "off",
    "Simulink",
    "Auto",
    "",
    ""
   ],
   "tabs":[
    "Parameter Attributes",
    "Logging and Accessibility",
    "Code Generation",
    "Documentation"
   ],
   "tabs_idx":[
    0,
    3,
    5,
    7
   ]
  },
  "viewer":{
   "jshandler":"webview/handlers/ElementHandler"
  },
  "obj_viewer":[
  ],
  "finder":[
  ]
 },
 {
  "sid":"Torque_Control_ESP32_V6:34#out:8;line",
  "inspector":{
   "params":[
    "SignalNameFromLabel",
    "MustResolveToSignal",
    "ShowPropagatedSignal",
    "DataLogging",
    "TestPoint",
    "SignalObjectPackage",
    "StorageClass",
    "Description",
    "documentLink"
   ],
   "values":[
    "",
    "off",
    "off",
    "on",
    "off",
    "Simulink",
    "Auto",
    "",
    ""
   ],
   "tabs":[
    "Parameter Attributes",
    "Logging and Accessibility",
    "Code Generation",
    "Documentation"
   ],
   "tabs_idx":[
    0,
    3,
    5,
    7
   ]
  },
  "viewer":{
   "jshandler":"webview/handlers/ElementHandler"
  },
  "obj_viewer":[
  ],
  "finder":[
  ]
 },
 {
  "sid":"Torque_Control_ESP32_V6:139#out:1;line",
  "inspector":{
   "params":[
    "SignalNameFromLabel",
    "MustResolveToSignal",
    "ShowPropagatedSignal",
    "DataLogging",
    "TestPoint",
    "SignalObjectPackage",
    "StorageClass",
    "Description",
    "documentLink"
   ],
   "values":[
    "",
    "off",
    "off",
    "off",
    "off",
    "Simulink",
    "Auto",
    "",
    ""
   ],
   "tabs":[
    "Parameter Attributes",
    "Logging and Accessibility",
    "Code Generation",
    "Documentation"
   ],
   "tabs_idx":[
    0,
    3,
    5,
    7
   ]
  },
  "viewer":{
   "jshandler":"webview/handlers/ElementHandler"
  },
  "obj_viewer":[
  ],
  "finder":[
  ]
 },
 {
  "sid":"Torque_Control_ESP32_V6:140#out:1;line",
  "inspector":{
   "params":[
    "SignalNameFromLabel",
    "MustResolveToSignal",
    "ShowPropagatedSignal",
    "DataLogging",
    "TestPoint",
    "SignalObjectPackage",
    "StorageClass",
    "Description",
    "documentLink"
   ],
   "values":[
    "",
    "off",
    "off",
    "off",
    "off",
    "Simulink",
    "Auto",
    "",
    ""
   ],
   "tabs":[
    "Parameter Attributes",
    "Logging and Accessibility",
    "Code Generation",
    "Documentation"
   ],
   "tabs_idx":[
    0,
    3,
    5,
    7
   ]
  },
  "viewer":{
   "jshandler":"webview/handlers/ElementHandler"
  },
  "obj_viewer":[
  ],
  "finder":[
  ]
 },
 {
  "sid":"Torque_Control_ESP32_V6:138#out:1;line",
  "inspector":{
   "params":[
    "SignalNameFromLabel",
    "MustResolveToSignal",
    "ShowPropagatedSignal",
    "DataLogging",
    "TestPoint",
    "SignalObjectPackage",
    "StorageClass",
    "Description",
    "documentLink"
   ],
   "values":[
    "",
    "off",
    "off",
    "off",
    "off",
    "Simulink",
    "Auto",
    "",
    ""
   ],
   "tabs":[
    "Parameter Attributes",
    "Logging and Accessibility",
    "Code Generation",
    "Documentation"
   ],
   "tabs_idx":[
    0,
    3,
    5,
    7
   ]
  },
  "viewer":{
   "jshandler":"webview/handlers/ElementHandler"
  },
  "obj_viewer":[
  ],
  "finder":[
  ]
 },
 {
  "sid":"Torque_Control_ESP32_V6:34#out:7;line",
  "inspector":{
   "params":[
    "SignalNameFromLabel",
    "MustResolveToSignal",
    "ShowPropagatedSignal",
    "DataLogging",
    "TestPoint",
    "SignalObjectPackage",
    "StorageClass",
    "Description",
    "documentLink"
   ],
   "values":[
    "",
    "off",
    "off",
    "on",
    "off",
    "Simulink",
    "Auto",
    "",
    ""
   ],
   "tabs":[
    "Parameter Attributes",
    "Logging and Accessibility",
    "Code Generation",
    "Documentation"
   ],
   "tabs_idx":[
    0,
    3,
    5,
    7
   ]
  },
  "viewer":{
   "jshandler":"webview/handlers/ElementHandler"
  },
  "obj_viewer":[
  ],
  "finder":[
  ]
 },
 {
  "sid":"Torque_Control_ESP32_V6:34#out:5;line",
  "inspector":{
   "params":[
    "SignalNameFromLabel",
    "MustResolveToSignal",
    "ShowPropagatedSignal",
    "DataLogging",
    "TestPoint",
    "SignalObjectPackage",
    "StorageClass",
    "Description",
    "documentLink"
   ],
   "values":[
    "",
    "off",
    "off",
    "on",
    "off",
    "Simulink",
    "Auto",
    "",
    ""
   ],
   "tabs":[
    "Parameter Attributes",
    "Logging and Accessibility",
    "Code Generation",
    "Documentation"
   ],
   "tabs_idx":[
    0,
    3,
    5,
    7
   ]
  },
  "viewer":{
   "jshandler":"webview/handlers/ElementHandler"
  },
  "obj_viewer":[
  ],
  "finder":[
  ]
 }
]