[
 {
  "sid":"Torque_Control_ESP32_V6:170",
  "inspector":{
   "params":[
    "Port",
    "IconDisplay",
    "LatchByDelayingOutsideSignal",
    "LatchInputForFeedbackSignals",
    "OutputFunctionCall",
    "OutMin",
    "OutMax",
    "OutDataTypeStr",
    "LockScale",
    "Unit",
    "PortDimensions",
    "VarSizeSig",
    "SignalType",
    "SampleTime",
    "BusOutputAsStruct",
    "BusVirtuality",
    "DataMode",
    "EventTriggers",
    "InputConnect",
    "Interpolate",
    "MessageQueueCapacity",
    "MessageQueueOverwriting",
    "MessageQueueType",
    "MessageQueueUseDefaultAttributes"
   ],
   "values":[
    "1",
    "Port number",
    "off",
    "off",
    "off",
    "[]",
    "[]",
    "Inherit: auto",
    "off",
    "inherit",
    "-1",
    "Inherit",
    "auto",
    "-1",
    "off",
    "inherit",
    "inherit",
    [
    ],
    "",
    "on",
    "1",
    "on",
    "LIFO",
    "on"
   ],
   "tabs":[
    "Main",
    "Signal Attributes",
    "Execution",
    "-Other"
   ],
   "tabs_idx":[
    0,
    4,
    13,
    14
   ]
  },
  "viewer":{
   "jshandler":"webview/handlers/ElementHandler"
  },
  "obj_viewer":[
  ],
  "finder":{
   "blocktype":"Inport",
   "masktype":""
  }
 },
 {
  "sid":"Torque_Control_ESP32_V6:171",
  "inspector":{
   "params":[
    "Port",
    "IconDisplay",
    "LatchByDelayingOutsideSignal",
    "LatchInputForFeedbackSignals",
    "OutputFunctionCall",
    "OutMin",
    "OutMax",
    "OutDataTypeStr",
    "LockScale",
    "Unit",
    "PortDimensions",
    "VarSizeSig",
    "SignalType",
    "SampleTime",
    "BusOutputAsStruct",
    "BusVirtuality",
    "DataMode",
    "EventTriggers",
    "InputConnect",
    "Interpolate",
    "MessageQueueCapacity",
    "MessageQueueOverwriting",
    "MessageQueueType",
    "MessageQueueUseDefaultAttributes"
   ],
   "values":[
    "2",
    "Port number",
    "off",
    "off",
    "off",
    "[]",
    "[]",
    "Inherit: auto",
    "off",
    "inherit",
    "-1",
    "Inherit",
    "auto",
    "-1",
    "off",
    "inherit",
    "inherit",
    [
    ],
    "",
    "on",
    "1",
    "on",
    "LIFO",
    "on"
   ],
   "tabs":[
    "Main",
    "Signal Attributes",
    "Execution",
    "-Other"
   ],
   "tabs_idx":[
    0,
    4,
    13,
    14
   ]
  },
  "viewer":{
   "jshandler":"webview/handlers/ElementHandler"
  },
  "obj_viewer":[
  ],
  "finder":{
   "blocktype":"Inport",
   "masktype":""
  }
 },
 {
  "sid":"Torque_Control_ESP32_V6:172",
  "inspector":{
   "params":[
    "InitializeStates",
    "PropagateVarSize"
   ],
   "values":[
    "held",
    "Only when execution is resumed"
   ],
   "tabs":[
    "Parameter Attributes"
   ],
   "tabs_idx":0
  },
  "viewer":{
   "jshandler":"webview/handlers/ElementHandler"
  },
  "obj_viewer":[
  ],
  "finder":{
   "blocktype":"ActionPort",
   "masktype":""
  }
 },
 {
  "sid":"Torque_Control_ESP32_V6:173",
  "inspector":{
   "params":[
    "RoutineImpl",
    "TargetRoutineLibrary",
    "TargetedRoutine",
    "DataSpecification",
    "LookupTableObject",
    "Table",
    "BreakpointsSpecification",
    "BreakpointsForDimension1",
    "BreakpointsForDimension2",
    "BreakpointsForDimension1FirstPoint",
    "BreakpointsForDimension1Spacing",
    "BreakpointsForDimension2FirstPoint",
    "BreakpointsForDimension2Spacing",
    "IndexSearchMode",
    "BeginIndexSearchUsingPreviousIndexResult",
    "InterpMode",
    "RndMode",
    "TableDataTypeStr"
   ],
   "values":[
    "autosar.routines.ifxifl.Map",
    "IFL (floating-point)",
    "Ifl_IntIpoMap",
    "Table and breakpoints",
    "[]",
    "[0 0 0 0 0 0 0 0 0 0;3 5 8 12 13 15 15 13 13 12;6 10 16 24 26 30 30 26 26 24;9 15 24 36 39 45 45 39 39 36;12 20 32 48 52 60 60 52 52 48;15 25 40 60 65 75 75 65 65 60;18 30 48 72 78 90 90 78 78 72;21 35 56 84 91 105 105 91 91 84;24 40 64 96 104 120 120 104 104 96;27 45 72 108 117 135 135 117 117 108;30 50 80 120 130 150 150 130 130 120]",
    "Explicit values",
    "[0;10;20;30;40;50;60;70;80;90;100]",
    "[0;10;20;30;40;60;80;100;125;150]",
    "1",
    "1",
    "1",
    "1",
    "Linear search",
    "off",
    "Linear point-slope",
    "Round",
    "single"
   ],
   "tabs":[
   ],
   "tabs_idx":[
   ]
  },
  "viewer":{
   "jshandler":"webview/handlers/ElementHandler"
  },
  "obj_viewer":[
  ],
  "finder":{
   "blocktype":"Lookup_n-D",
   "masktype":"Map"
  }
 },
 {
  "sid":"Torque_Control_ESP32_V6:174",
  "inspector":{
   "params":[
    "Port",
    "IconDisplay",
    "EnsureOutportIsVirtual",
    "OutputWhenDisabled",
    "InitialOutput",
    "OutMin",
    "OutMax",
    "OutDataTypeStr",
    "LockScale",
    "Unit",
    "PortDimensions",
    "VarSizeSig",
    "SignalType",
    "SampleTime",
    "BusOutputAsStruct",
    "BusVirtuality",
    "DataMode",
    "MustResolveToSignalObject",
    "OutputFunctionCall",
    "OutputWhenUnConnected",
    "OutputWhenUnconnectedValue",
    "SignalName",
    "SignalObject",
    "StorageClass",
    "VectorParamsAs1DForOutWhenUnconnected"
   ],
   "values":[
    "1",
    "Port number",
    "off",
    "held",
    "[]",
    "[]",
    "[]",
    "single",
    "off",
    "inherit",
    "-1",
    "Inherit",
    "auto",
    "-1",
    "off",
    "inherit",
    "inherit",
    "off",
    "off",
    "off",
    "0",
    "",
    [
    ],
    "Auto",
    "on"
   ],
   "tabs":[
    "Main",
    "Signal Attributes",
    "Execution",
    "-Other"
   ],
   "tabs_idx":[
    0,
    5,
    13,
    14
   ]
  },
  "viewer":{
   "jshandler":"webview/handlers/ElementHandler"
  },
  "obj_viewer":[
  ],
  "finder":{
   "blocktype":"Outport",
   "masktype":""
  }
 },
 {
  "sid":"Torque_Control_ESP32_V6:170#out:1;line",
  "inspector":{
   "params":[
    "SignalNameFromLabel",
    "MustResolveToSignal",
    "ShowPropagatedSignal",
    "DataLogging",
    "TestPoint",
    "SignalObjectPackage",
    "StorageClass",
    "Description",
    "documentLink"
   ],
   "values":[
    "",
    "off",
    "off",
    "off",
    "off",
    "Simulink",
    "Auto",
    "",
    ""
   ],
   "tabs":[
    "Parameter Attributes",
    "Logging and Accessibility",
    "Code Generation",
    "Documentation"
   ],
   "tabs_idx":[
    0,
    3,
    5,
    7
   ]
  },
  "viewer":{
   "jshandler":"webview/handlers/ElementHandler"
  },
  "obj_viewer":[
  ],
  "finder":[
  ]
 },
 {
  "sid":"Torque_Control_ESP32_V6:171#out:1;line",
  "inspector":{
   "params":[
    "SignalNameFromLabel",
    "MustResolveToSignal",
    "ShowPropagatedSignal",
    "DataLogging",
    "TestPoint",
    "SignalObjectPackage",
    "StorageClass",
    "Description",
    "documentLink"
   ],
   "values":[
    "",
    "off",
    "off",
    "off",
    "off",
    "Simulink",
    "Auto",
    "",
    ""
   ],
   "tabs":[
    "Parameter Attributes",
    "Logging and Accessibility",
    "Code Generation",
    "Documentation"
   ],
   "tabs_idx":[
    0,
    3,
    5,
    7
   ]
  },
  "viewer":{
   "jshandler":"webview/handlers/ElementHandler"
  },
  "obj_viewer":[
  ],
  "finder":[
  ]
 },
 {
  "sid":"Torque_Control_ESP32_V6:173#out:1;line",
  "inspector":{
   "params":[
    "SignalNameFromLabel",
    "MustResolveToSignal",
    "ShowPropagatedSignal",
    "DataLogging",
    "TestPoint",
    "SignalObjectPackage",
    "StorageClass",
    "Description",
    "documentLink"
   ],
   "values":[
    "",
    "off",
    "off",
    "off",
    "off",
    "Simulink",
    "Auto",
    "",
    ""
   ],
   "tabs":[
    "Parameter Attributes",
    "Logging and Accessibility",
    "Code Generation",
    "Documentation"
   ],
   "tabs_idx":[
    0,
    3,
    5,
    7
   ]
  },
  "viewer":{
   "jshandler":"webview/handlers/ElementHandler"
  },
  "obj_viewer":[
  ],
  "finder":[
  ]
 }
]