[
 {
  "sid":"Torque_Control_ESP32_V6:224:1",
  "inspector":{
   "params":[
    "Port",
    "IconDisplay",
    "LatchByDelayingOutsideSignal",
    "LatchInputForFeedbackSignals",
    "OutputFunctionCall",
    "OutMin",
    "OutMax",
    "OutDataTypeStr",
    "LockScale",
    "Unit",
    "PortDimensions",
    "VarSizeSig",
    "SignalType",
    "SampleTime",
    "BusOutputAsStruct",
    "BusVirtuality",
    "DataMode",
    "EventTriggers",
    "InputConnect",
    "Interpolate",
    "MessageQueueCapacity",
    "MessageQueueOverwriting",
    "MessageQueueType",
    "MessageQueueUseDefaultAttributes"
   ],
   "values":[
    "1",
    "Port number",
    "off",
    "off",
    "off",
    "[]",
    "[]",
    "Inherit: auto",
    "off",
    "inherit",
    "-1",
    "Inherit",
    "auto",
    "-1",
    "off",
    "inherit",
    "inherit",
    [
    ],
    "",
    "on",
    "1",
    "on",
    "LIFO",
    "on"
   ],
   "tabs":[
    "Main",
    "Signal Attributes",
    "Execution",
    "-Other"
   ],
   "tabs_idx":[
    0,
    4,
    13,
    14
   ]
  },
  "viewer":{
   "jshandler":"webview/handlers/ElementHandler"
  },
  "obj_viewer":[
  ],
  "finder":{
   "blocktype":"Inport",
   "masktype":""
  }
 },
 {
  "sid":"Torque_Control_ESP32_V6:224:2",
  "inspector":{
   "params":[
    "Port",
    "IconDisplay",
    "LatchByDelayingOutsideSignal",
    "LatchInputForFeedbackSignals",
    "OutputFunctionCall",
    "OutMin",
    "OutMax",
    "OutDataTypeStr",
    "LockScale",
    "Unit",
    "PortDimensions",
    "VarSizeSig",
    "SignalType",
    "SampleTime",
    "BusOutputAsStruct",
    "BusVirtuality",
    "DataMode",
    "EventTriggers",
    "InputConnect",
    "Interpolate",
    "MessageQueueCapacity",
    "MessageQueueOverwriting",
    "MessageQueueType",
    "MessageQueueUseDefaultAttributes"
   ],
   "values":[
    "2",
    "Port number",
    "off",
    "off",
    "off",
    "[]",
    "[]",
    "Inherit: auto",
    "off",
    "inherit",
    "-1",
    "Inherit",
    "auto",
    "-1",
    "off",
    "inherit",
    "inherit",
    [
    ],
    "",
    "on",
    "1",
    "on",
    "LIFO",
    "on"
   ],
   "tabs":[
    "Main",
    "Signal Attributes",
    "Execution",
    "-Other"
   ],
   "tabs_idx":[
    0,
    4,
    13,
    14
   ]
  },
  "viewer":{
   "jshandler":"webview/handlers/ElementHandler"
  },
  "obj_viewer":[
  ],
  "finder":{
   "blocktype":"Inport",
   "masktype":""
  }
 },
 {
  "sid":"Torque_Control_ESP32_V6:224:3",
  "inspector":{
   "params":[
    "Port",
    "IconDisplay",
    "LatchByDelayingOutsideSignal",
    "LatchInputForFeedbackSignals",
    "OutputFunctionCall",
    "OutMin",
    "OutMax",
    "OutDataTypeStr",
    "LockScale",
    "Unit",
    "PortDimensions",
    "VarSizeSig",
    "SignalType",
    "SampleTime",
    "BusOutputAsStruct",
    "BusVirtuality",
    "DataMode",
    "EventTriggers",
    "InputConnect",
    "Interpolate",
    "MessageQueueCapacity",
    "MessageQueueOverwriting",
    "MessageQueueType",
    "MessageQueueUseDefaultAttributes"
   ],
   "values":[
    "3",
    "Port number",
    "off",
    "off",
    "off",
    "[]",
    "[]",
    "Inherit: auto",
    "off",
    "inherit",
    "-1",
    "Inherit",
    "auto",
    "-1",
    "off",
    "inherit",
    "inherit",
    [
    ],
    "",
    "on",
    "1",
    "on",
    "LIFO",
    "on"
   ],
   "tabs":[
    "Main",
    "Signal Attributes",
    "Execution",
    "-Other"
   ],
   "tabs_idx":[
    0,
    4,
    13,
    14
   ]
  },
  "viewer":{
   "jshandler":"webview/handlers/ElementHandler"
  },
  "obj_viewer":[
  ],
  "finder":{
   "blocktype":"Inport",
   "masktype":""
  }
 },
 {
  "sid":"Torque_Control_ESP32_V6:224:4",
  "inspector":{
   "params":[
    "NumInputPorts"
   ],
   "values":[
    "2"
   ],
   "tabs":[
    "Parameter Attributes"
   ],
   "tabs_idx":0
  },
  "viewer":{
   "jshandler":"webview/handlers/ElementHandler"
  },
  "obj_viewer":[
  ],
  "finder":{
   "blocktype":"DataTypeDuplicate",
   "masktype":""
  }
 },
 {
  "sid":"Torque_Control_ESP32_V6:224:5",
  "inspector":{
   "params":[
    "PropDataTypeMode",
    "PropDataType",
    "IfRefDouble",
    "IfRefSingle",
    "IsSigned",
    "NumBitsBase",
    "NumBitsMult",
    "NumBitsAdd",
    "NumBitsAllowFinal",
    "PropScalingMode",
    "PropScaling",
    "ValuesUsedBestPrec",
    "SlopeBase",
    "SlopeMult",
    "SlopeAdd",
    "BiasBase",
    "BiasMult",
    "BiasAdd"
   ],
   "values":[
    "Inherit via propagation rule",
    "fixdt(1, 16)",
    "double",
    "single",
    "IsSigned1",
    "NumBits1",
    "1",
    "0",
    "1:128",
    "Inherit via propagation rule",
    "2^-10",
    "[5 -7]",
    "Slope1",
    "1",
    "0",
    "Bias1",
    "1",
    "0"
   ],
   "tabs":[
   ],
   "tabs_idx":[
   ]
  },
  "viewer":{
   "jshandler":"webview/handlers/ElementHandler"
  },
  "obj_viewer":[
  ],
  "finder":{
   "blocktype":"S-Function",
   "masktype":"Data Type Propagation"
  }
 },
 {
  "sid":"Torque_Control_ESP32_V6:224:6",
  "inspector":{
   "params":[
    "Operator",
    "ZeroCross",
    "InputSameDT",
    "OutDataTypeStr",
    "RndMeth",
    "SampleTime"
   ],
   "values":[
    ">",
    "on",
    "off",
    "boolean",
    "Nearest",
    "-1"
   ],
   "tabs":[
    "Main",
    "Data Type",
    "-Other"
   ],
   "tabs_idx":[
    0,
    2,
    5
   ]
  },
  "viewer":{
   "jshandler":"webview/handlers/ElementHandler"
  },
  "obj_viewer":[
  ],
  "finder":{
   "blocktype":"RelationalOperator",
   "masktype":""
  }
 },
 {
  "sid":"Torque_Control_ESP32_V6:224:7",
  "inspector":{
   "params":[
    "Criteria",
    "Threshold",
    "ZeroCross",
    "InputSameDT",
    "OutMin",
    "OutMax",
    "OutDataTypeStr",
    "LockScale",
    "RndMeth",
    "SaturateOnIntegerOverflow",
    "AllowDiffInputSizes",
    "SampleTime"
   ],
   "values":[
    "u2 ~= 0",
    "0",
    "off",
    "off",
    "[]",
    "[]",
    "Inherit: Inherit via back propagation",
    "off",
    "Floor",
    "off",
    "off",
    "-1"
   ],
   "tabs":[
    "Main",
    "Signal Attributes",
    "-Other"
   ],
   "tabs_idx":[
    0,
    3,
    11
   ]
  },
  "viewer":{
   "jshandler":"webview/handlers/ElementHandler"
  },
  "obj_viewer":[
  ],
  "finder":{
   "blocktype":"Switch",
   "masktype":""
  }
 },
 {
  "sid":"Torque_Control_ESP32_V6:224:8",
  "inspector":{
   "params":[
    "Criteria",
    "Threshold",
    "ZeroCross",
    "InputSameDT",
    "OutMin",
    "OutMax",
    "OutDataTypeStr",
    "LockScale",
    "RndMeth",
    "SaturateOnIntegerOverflow",
    "AllowDiffInputSizes",
    "SampleTime"
   ],
   "values":[
    "u2 ~= 0",
    "0",
    "off",
    "off",
    "OutMin",
    "OutMax",
    "Inherit: Inherit via back propagation",
    "off",
    "Floor",
    "off",
    "off",
    "-1"
   ],
   "tabs":[
    "Main",
    "Signal Attributes",
    "-Other"
   ],
   "tabs_idx":[
    0,
    3,
    11
   ]
  },
  "viewer":{
   "jshandler":"webview/handlers/ElementHandler"
  },
  "obj_viewer":[
  ],
  "finder":{
   "blocktype":"Switch",
   "masktype":""
  }
 },
 {
  "sid":"Torque_Control_ESP32_V6:224:9",
  "inspector":{
   "params":[
    "Operator",
    "ZeroCross",
    "InputSameDT",
    "OutDataTypeStr",
    "RndMeth",
    "SampleTime"
   ],
   "values":[
    "<",
    "on",
    "off",
    "boolean",
    "Nearest",
    "-1"
   ],
   "tabs":[
    "Main",
    "Data Type",
    "-Other"
   ],
   "tabs_idx":[
    0,
    2,
    5
   ]
  },
  "viewer":{
   "jshandler":"webview/handlers/ElementHandler"
  },
  "obj_viewer":[
  ],
  "finder":{
   "blocktype":"RelationalOperator",
   "masktype":""
  }
 },
 {
  "sid":"Torque_Control_ESP32_V6:224:10",
  "inspector":{
   "params":[
    "Port",
    "IconDisplay",
    "EnsureOutportIsVirtual",
    "OutputWhenDisabled",
    "InitialOutput",
    "OutMin",
    "OutMax",
    "OutDataTypeStr",
    "LockScale",
    "Unit",
    "PortDimensions",
    "VarSizeSig",
    "SignalType",
    "SampleTime",
    "BusOutputAsStruct",
    "BusVirtuality",
    "DataMode",
    "MustResolveToSignalObject",
    "OutputFunctionCall",
    "OutputWhenUnConnected",
    "OutputWhenUnconnectedValue",
    "SignalName",
    "SignalObject",
    "StorageClass",
    "VectorParamsAs1DForOutWhenUnconnected"
   ],
   "values":[
    "1",
    "Port number",
    "off",
    "held",
    "[]",
    "OutMin",
    "OutMax",
    "Inherit: auto",
    "off",
    "inherit",
    "-1",
    "Inherit",
    "auto",
    "-1",
    "off",
    "inherit",
    "inherit",
    "off",
    "off",
    "off",
    "0",
    "",
    [
    ],
    "Auto",
    "on"
   ],
   "tabs":[
    "Main",
    "Signal Attributes",
    "Execution",
    "-Other"
   ],
   "tabs_idx":[
    0,
    5,
    13,
    14
   ]
  },
  "viewer":{
   "jshandler":"webview/handlers/ElementHandler"
  },
  "obj_viewer":[
  ],
  "finder":{
   "blocktype":"Outport",
   "masktype":""
  }
 },
 {
  "sid":"Torque_Control_ESP32_V6:224:1#out:1;line",
  "inspector":{
   "params":[
    "SignalNameFromLabel",
    "MustResolveToSignal",
    "ShowPropagatedSignal",
    "DataLogging",
    "TestPoint",
    "SignalObjectPackage",
    "StorageClass",
    "Description",
    "documentLink"
   ],
   "values":[
    "",
    "off",
    "off",
    "off",
    "off",
    "Simulink",
    "Auto",
    "",
    ""
   ],
   "tabs":[
    "Parameter Attributes",
    "Logging and Accessibility",
    "Code Generation",
    "Documentation"
   ],
   "tabs_idx":[
    0,
    3,
    5,
    7
   ]
  },
  "viewer":{
   "jshandler":"webview/handlers/ElementHandler"
  },
  "obj_viewer":[
  ],
  "finder":[
  ]
 },
 {
  "sid":"Torque_Control_ESP32_V6:224:2#out:1;line",
  "inspector":{
   "params":[
    "SignalNameFromLabel",
    "MustResolveToSignal",
    "ShowPropagatedSignal",
    "DataLogging",
    "TestPoint",
    "SignalObjectPackage",
    "StorageClass",
    "Description",
    "documentLink"
   ],
   "values":[
    "",
    "off",
    "off",
    "off",
    "off",
    "Simulink",
    "Auto",
    "",
    ""
   ],
   "tabs":[
    "Parameter Attributes",
    "Logging and Accessibility",
    "Code Generation",
    "Documentation"
   ],
   "tabs_idx":[
    0,
    3,
    5,
    7
   ]
  },
  "viewer":{
   "jshandler":"webview/handlers/ElementHandler"
  },
  "obj_viewer":[
  ],
  "finder":[
  ]
 },
 {
  "sid":"Torque_Control_ESP32_V6:224:3#out:1;line",
  "inspector":{
   "params":[
    "SignalNameFromLabel",
    "MustResolveToSignal",
    "ShowPropagatedSignal",
    "DataLogging",
    "TestPoint",
    "SignalObjectPackage",
    "StorageClass",
    "Description",
    "documentLink"
   ],
   "values":[
    "",
    "off",
    "off",
    "off",
    "off",
    "Simulink",
    "Auto",
    "",
    ""
   ],
   "tabs":[
    "Parameter Attributes",
    "Logging and Accessibility",
    "Code Generation",
    "Documentation"
   ],
   "tabs_idx":[
    0,
    3,
    5,
    7
   ]
  },
  "viewer":{
   "jshandler":"webview/handlers/ElementHandler"
  },
  "obj_viewer":[
  ],
  "finder":[
  ]
 },
 {
  "sid":"Torque_Control_ESP32_V6:224:7#out:1;line",
  "inspector":{
   "params":[
    "SignalNameFromLabel",
    "MustResolveToSignal",
    "ShowPropagatedSignal",
    "DataLogging",
    "TestPoint",
    "SignalObjectPackage",
    "StorageClass",
    "Description",
    "documentLink"
   ],
   "values":[
    "",
    "off",
    "off",
    "off",
    "off",
    "Simulink",
    "Auto",
    "",
    ""
   ],
   "tabs":[
    "Parameter Attributes",
    "Logging and Accessibility",
    "Code Generation",
    "Documentation"
   ],
   "tabs_idx":[
    0,
    3,
    5,
    7
   ]
  },
  "viewer":{
   "jshandler":"webview/handlers/ElementHandler"
  },
  "obj_viewer":[
  ],
  "finder":[
  ]
 },
 {
  "sid":"Torque_Control_ESP32_V6:224:8#out:1;line",
  "inspector":{
   "params":[
    "SignalNameFromLabel",
    "MustResolveToSignal",
    "ShowPropagatedSignal",
    "DataLogging",
    "TestPoint",
    "SignalObjectPackage",
    "StorageClass",
    "Description",
    "documentLink"
   ],
   "values":[
    "",
    "off",
    "off",
    "off",
    "off",
    "Simulink",
    "Auto",
    "",
    ""
   ],
   "tabs":[
    "Parameter Attributes",
    "Logging and Accessibility",
    "Code Generation",
    "Documentation"
   ],
   "tabs_idx":[
    0,
    3,
    5,
    7
   ]
  },
  "viewer":{
   "jshandler":"webview/handlers/ElementHandler"
  },
  "obj_viewer":[
  ],
  "finder":[
  ]
 },
 {
  "sid":"Torque_Control_ESP32_V6:224:6#out:1;line",
  "inspector":{
   "params":[
    "SignalNameFromLabel",
    "MustResolveToSignal",
    "ShowPropagatedSignal",
    "DataLogging",
    "TestPoint",
    "SignalObjectPackage",
    "StorageClass",
    "Description",
    "documentLink"
   ],
   "values":[
    "",
    "off",
    "off",
    "off",
    "off",
    "Simulink",
    "Auto",
    "",
    ""
   ],
   "tabs":[
    "Parameter Attributes",
    "Logging and Accessibility",
    "Code Generation",
    "Documentation"
   ],
   "tabs_idx":[
    0,
    3,
    5,
    7
   ]
  },
  "viewer":{
   "jshandler":"webview/handlers/ElementHandler"
  },
  "obj_viewer":[
  ],
  "finder":[
  ]
 },
 {
  "sid":"Torque_Control_ESP32_V6:224:9#out:1;line",
  "inspector":{
   "params":[
    "SignalNameFromLabel",
    "MustResolveToSignal",
    "ShowPropagatedSignal",
    "DataLogging",
    "TestPoint",
    "SignalObjectPackage",
    "StorageClass",
    "Description",
    "documentLink"
   ],
   "values":[
    "",
    "off",
    "off",
    "off",
    "off",
    "Simulink",
    "Auto",
    "",
    ""
   ],
   "tabs":[
    "Parameter Attributes",
    "Logging and Accessibility",
    "Code Generation",
    "Documentation"
   ],
   "tabs_idx":[
    0,
    3,
    5,
    7
   ]
  },
  "viewer":{
   "jshandler":"webview/handlers/ElementHandler"
  },
  "obj_viewer":[
  ],
  "finder":[
  ]
 }
]