[
 {
  "sid":"Torque_Control_ESP32_V6:187",
  "inspector":{
   "params":[
    "Port",
    "IconDisplay",
    "LatchByDelayingOutsideSignal",
    "LatchInputForFeedbackSignals",
    "OutputFunctionCall",
    "OutMin",
    "OutMax",
    "OutDataTypeStr",
    "LockScale",
    "Unit",
    "PortDimensions",
    "VarSizeSig",
    "SignalType",
    "SampleTime",
    "BusOutputAsStruct",
    "BusVirtuality",
    "DataMode",
    "EventTriggers",
    "InputConnect",
    "Interpolate",
    "MessageQueueCapacity",
    "MessageQueueOverwriting",
    "MessageQueueType",
    "MessageQueueUseDefaultAttributes"
   ],
   "values":[
    "1",
    "Port number",
    "off",
    "off",
    "off",
    "[]",
    "[]",
    "Inherit: auto",
    "off",
    "inherit",
    "-1",
    "Inherit",
    "auto",
    "-1",
    "off",
    "inherit",
    "inherit",
    [
    ],
    "",
    "on",
    "1",
    "on",
    "LIFO",
    "on"
   ],
   "tabs":[
    "Main",
    "Signal Attributes",
    "Execution",
    "-Other"
   ],
   "tabs_idx":[
    0,
    4,
    13,
    14
   ]
  },
  "viewer":{
   "jshandler":"webview/handlers/ElementHandler"
  },
  "obj_viewer":[
  ],
  "finder":{
   "blocktype":"Inport",
   "masktype":""
  }
 },
 {
  "sid":"Torque_Control_ESP32_V6:188",
  "inspector":{
   "params":[
    "Port",
    "IconDisplay",
    "LatchByDelayingOutsideSignal",
    "LatchInputForFeedbackSignals",
    "OutputFunctionCall",
    "OutMin",
    "OutMax",
    "OutDataTypeStr",
    "LockScale",
    "Unit",
    "PortDimensions",
    "VarSizeSig",
    "SignalType",
    "SampleTime",
    "BusOutputAsStruct",
    "BusVirtuality",
    "DataMode",
    "EventTriggers",
    "InputConnect",
    "Interpolate",
    "MessageQueueCapacity",
    "MessageQueueOverwriting",
    "MessageQueueType",
    "MessageQueueUseDefaultAttributes"
   ],
   "values":[
    "2",
    "Port number",
    "off",
    "off",
    "off",
    "[]",
    "[]",
    "Inherit: auto",
    "off",
    "inherit",
    "-1",
    "Inherit",
    "auto",
    "-1",
    "off",
    "inherit",
    "inherit",
    [
    ],
    "",
    "on",
    "1",
    "on",
    "LIFO",
    "on"
   ],
   "tabs":[
    "Main",
    "Signal Attributes",
    "Execution",
    "-Other"
   ],
   "tabs_idx":[
    0,
    4,
    13,
    14
   ]
  },
  "viewer":{
   "jshandler":"webview/handlers/ElementHandler"
  },
  "obj_viewer":[
  ],
  "finder":{
   "blocktype":"Inport",
   "masktype":""
  }
 },
 {
  "sid":"Torque_Control_ESP32_V6:189",
  "inspector":{
   "params":[
    "Value",
    "VectorParams1D",
    "SampleTime",
    "OutMin",
    "OutMax",
    "OutDataTypeStr",
    "LockScale",
    "FramePeriod"
   ],
   "values":[
    "1",
    "on",
    "inf",
    "[]",
    "[]",
    "single",
    "off",
    "inf"
   ],
   "tabs":[
    "Main",
    "Signal Attributes",
    "-Other"
   ],
   "tabs_idx":[
    0,
    3,
    7
   ]
  },
  "viewer":{
   "jshandler":"webview/handlers/ElementHandler"
  },
  "obj_viewer":[
  ],
  "finder":{
   "blocktype":"Constant",
   "masktype":""
  }
 },
 {
  "sid":"Torque_Control_ESP32_V6:190",
  "inspector":{
   "params":[
    "Value",
    "VectorParams1D",
    "SampleTime",
    "OutMin",
    "OutMax",
    "OutDataTypeStr",
    "LockScale",
    "FramePeriod"
   ],
   "values":[
    "0",
    "on",
    "inf",
    "[]",
    "[]",
    "Inherit: Inherit from 'Constant value'",
    "off",
    "inf"
   ],
   "tabs":[
    "Main",
    "Signal Attributes",
    "-Other"
   ],
   "tabs_idx":[
    0,
    3,
    7
   ]
  },
  "viewer":{
   "jshandler":"webview/handlers/ElementHandler"
  },
  "obj_viewer":[
  ],
  "finder":{
   "blocktype":"Constant",
   "masktype":""
  }
 },
 {
  "sid":"Torque_Control_ESP32_V6:191",
  "inspector":{
   "params":[
    "Value",
    "VectorParams1D",
    "SampleTime",
    "OutMin",
    "OutMax",
    "OutDataTypeStr",
    "LockScale",
    "FramePeriod"
   ],
   "values":[
    "1",
    "on",
    "inf",
    "[]",
    "[]",
    "Inherit: Inherit from 'Constant value'",
    "off",
    "inf"
   ],
   "tabs":[
    "Main",
    "Signal Attributes",
    "-Other"
   ],
   "tabs_idx":[
    0,
    3,
    7
   ]
  },
  "viewer":{
   "jshandler":"webview/handlers/ElementHandler"
  },
  "obj_viewer":[
  ],
  "finder":{
   "blocktype":"Constant",
   "masktype":""
  }
 },
 {
  "sid":"Torque_Control_ESP32_V6:192",
  "inspector":{
   "params":[
    "Inputs",
    "Multiplication",
    "InputSameDT",
    "OutMin",
    "OutMax",
    "OutDataTypeStr",
    "LockScale",
    "RndMeth",
    "SaturateOnIntegerOverflow",
    "CollapseDim",
    "CollapseMode",
    "SampleTime"
   ],
   "values":[
    "*/",
    "Element-wise(.*)",
    "off",
    "[]",
    "[]",
    "single",
    "off",
    "Floor",
    "off",
    "1",
    "All dimensions",
    "-1"
   ],
   "tabs":[
    "Main",
    "Signal Attributes",
    "-Other"
   ],
   "tabs_idx":[
    0,
    2,
    9
   ]
  },
  "viewer":{
   "jshandler":"webview/handlers/ElementHandler"
  },
  "obj_viewer":[
  ],
  "finder":{
   "blocktype":"Product",
   "masktype":""
  }
 },
 {
  "sid":"Torque_Control_ESP32_V6:193",
  "inspector":{
   "params":[
    "Inputs",
    "Multiplication",
    "InputSameDT",
    "OutMin",
    "OutMax",
    "OutDataTypeStr",
    "LockScale",
    "RndMeth",
    "SaturateOnIntegerOverflow",
    "CollapseDim",
    "CollapseMode",
    "SampleTime"
   ],
   "values":[
    "**",
    "Element-wise(.*)",
    "off",
    "[]",
    "[]",
    "single",
    "off",
    "Floor",
    "off",
    "1",
    "All dimensions",
    "-1"
   ],
   "tabs":[
    "Main",
    "Signal Attributes",
    "-Other"
   ],
   "tabs_idx":[
    0,
    2,
    9
   ]
  },
  "viewer":{
   "jshandler":"webview/handlers/ElementHandler"
  },
  "obj_viewer":[
  ],
  "finder":{
   "blocktype":"Product",
   "masktype":""
  }
 },
 {
  "sid":"Torque_Control_ESP32_V6:194",
  "inspector":{
   "params":[
    "Inputs",
    "Multiplication",
    "InputSameDT",
    "OutMin",
    "OutMax",
    "OutDataTypeStr",
    "LockScale",
    "RndMeth",
    "SaturateOnIntegerOverflow",
    "CollapseDim",
    "CollapseMode",
    "SampleTime"
   ],
   "values":[
    "*/",
    "Element-wise(.*)",
    "off",
    "[]",
    "[]",
    "single",
    "off",
    "Floor",
    "off",
    "1",
    "All dimensions",
    "-1"
   ],
   "tabs":[
    "Main",
    "Signal Attributes",
    "-Other"
   ],
   "tabs_idx":[
    0,
    2,
    9
   ]
  },
  "viewer":{
   "jshandler":"webview/handlers/ElementHandler"
  },
  "obj_viewer":[
  ],
  "finder":{
   "blocktype":"Product",
   "masktype":""
  }
 },
 {
  "sid":"Torque_Control_ESP32_V6:195",
  "inspector":{
   "params":[
    "IconShape",
    "Inputs",
    "OutMin",
    "OutMax",
    "OutDataTypeStr",
    "AccumDataTypeStr",
    "InputSameDT",
    "LockScale",
    "RndMeth",
    "SaturateOnIntegerOverflow",
    "CollapseDim",
    "CollapseMode",
    "SampleTime"
   ],
   "values":[
    "rectangular",
    "+-",
    "[]",
    "[]",
    "single",
    "single",
    "off",
    "off",
    "Floor",
    "off",
    "1",
    "All dimensions",
    "-1"
   ],
   "tabs":[
    "Main",
    "Signal Attributes",
    "-Other"
   ],
   "tabs_idx":[
    0,
    2,
    10
   ]
  },
  "viewer":{
   "jshandler":"webview/handlers/ElementHandler"
  },
  "obj_viewer":[
  ],
  "finder":{
   "blocktype":"Sum",
   "masktype":""
  }
 },
 {
  "sid":"Torque_Control_ESP32_V6:196",
  "inspector":{
   "params":[
    "Criteria",
    "Threshold",
    "ZeroCross",
    "InputSameDT",
    "OutMin",
    "OutMax",
    "OutDataTypeStr",
    "LockScale",
    "RndMeth",
    "SaturateOnIntegerOverflow",
    "AllowDiffInputSizes",
    "SampleTime"
   ],
   "values":[
    "u2 > Threshold",
    "0",
    "on",
    "off",
    "[]",
    "[]",
    "single",
    "off",
    "Floor",
    "off",
    "off",
    "-1"
   ],
   "tabs":[
    "Main",
    "Signal Attributes",
    "-Other"
   ],
   "tabs_idx":[
    0,
    3,
    11
   ]
  },
  "viewer":{
   "jshandler":"webview/handlers/ElementHandler"
  },
  "obj_viewer":[
  ],
  "finder":{
   "blocktype":"Switch",
   "masktype":""
  }
 },
 {
  "sid":"Torque_Control_ESP32_V6:197",
  "inspector":{
   "params":[
    "Value",
    "VectorParams1D",
    "SampleTime",
    "OutMin",
    "OutMax",
    "OutDataTypeStr",
    "LockScale",
    "FramePeriod"
   ],
   "values":[
    "60",
    "on",
    "inf",
    "[]",
    "[]",
    "single",
    "off",
    "inf"
   ],
   "tabs":[
    "Main",
    "Signal Attributes",
    "-Other"
   ],
   "tabs_idx":[
    0,
    3,
    7
   ]
  },
  "viewer":{
   "jshandler":"webview/handlers/ElementHandler"
  },
  "obj_viewer":[
  ],
  "finder":{
   "blocktype":"Constant",
   "masktype":""
  }
 },
 {
  "sid":"Torque_Control_ESP32_V6:198",
  "inspector":{
   "params":[
    "Value",
    "VectorParams1D",
    "SampleTime",
    "OutMin",
    "OutMax",
    "OutDataTypeStr",
    "LockScale",
    "FramePeriod"
   ],
   "values":[
    "2*pi*0.3*3.6",
    "on",
    "inf",
    "[]",
    "[]",
    "single",
    "off",
    "inf"
   ],
   "tabs":[
    "Main",
    "Signal Attributes",
    "-Other"
   ],
   "tabs_idx":[
    0,
    3,
    7
   ]
  },
  "viewer":{
   "jshandler":"webview/handlers/ElementHandler"
  },
  "obj_viewer":[
  ],
  "finder":{
   "blocktype":"Constant",
   "masktype":""
  }
 },
 {
  "sid":"Torque_Control_ESP32_V6:199",
  "inspector":{
   "params":[
    "Port",
    "IconDisplay",
    "EnsureOutportIsVirtual",
    "OutputWhenDisabled",
    "InitialOutput",
    "OutMin",
    "OutMax",
    "OutDataTypeStr",
    "LockScale",
    "Unit",
    "PortDimensions",
    "VarSizeSig",
    "SignalType",
    "SampleTime",
    "BusOutputAsStruct",
    "BusVirtuality",
    "DataMode",
    "MustResolveToSignalObject",
    "OutputFunctionCall",
    "OutputWhenUnConnected",
    "OutputWhenUnconnectedValue",
    "SignalName",
    "SignalObject",
    "StorageClass",
    "VectorParamsAs1DForOutWhenUnconnected"
   ],
   "values":[
    "1",
    "Port number",
    "off",
    "held",
    "[]",
    "[]",
    "[]",
    "Inherit: auto",
    "off",
    "inherit",
    "-1",
    "Inherit",
    "auto",
    "-1",
    "off",
    "inherit",
    "inherit",
    "off",
    "off",
    "off",
    "0",
    "",
    [
    ],
    "Auto",
    "on"
   ],
   "tabs":[
    "Main",
    "Signal Attributes",
    "Execution",
    "-Other"
   ],
   "tabs_idx":[
    0,
    5,
    13,
    14
   ]
  },
  "viewer":{
   "jshandler":"webview/handlers/ElementHandler"
  },
  "obj_viewer":[
  ],
  "finder":{
   "blocktype":"Outport",
   "masktype":""
  }
 },
 {
  "sid":"Torque_Control_ESP32_V6:200",
  "inspector":{
   "params":[
    "PlainText",
    "DropShadow",
    "Interpreter",
    "FontName",
    "FontWeight",
    "FontSize",
    "FontAngle",
    "ForegroundColor",
    "BackgroundColor",
    "HorizontalAlignment",
    "UseDisplayTextAsClickCallback",
    "ClickFcn"
   ],
   "values":[
    "1 = Slip Control Active\n0 = Slip Control Inactive",
    "off",
    "off",
    "auto",
    "auto",
    -1,
    "auto",
    "black",
    "white",
    "left",
    "off",
    ""
   ],
   "tabs":[
   ],
   "tabs_idx":[
   ]
  },
  "viewer":{
   "jshandler":"webview/handlers/ElementHandler"
  },
  "obj_viewer":[
  ],
  "finder":[
  ]
 },
 {
  "sid":"Torque_Control_ESP32_V6:188#out:1;line",
  "inspector":{
   "params":[
    "SignalNameFromLabel",
    "MustResolveToSignal",
    "ShowPropagatedSignal",
    "DataLogging",
    "TestPoint",
    "SignalObjectPackage",
    "StorageClass",
    "Description",
    "documentLink"
   ],
   "values":[
    "",
    "off",
    "off",
    "off",
    "off",
    "Simulink",
    "Auto",
    "",
    ""
   ],
   "tabs":[
    "Parameter Attributes",
    "Logging and Accessibility",
    "Code Generation",
    "Documentation"
   ],
   "tabs_idx":[
    0,
    3,
    5,
    7
   ]
  },
  "viewer":{
   "jshandler":"webview/handlers/ElementHandler"
  },
  "obj_viewer":[
  ],
  "finder":[
  ]
 },
 {
  "sid":"Torque_Control_ESP32_V6:187#out:1;line",
  "inspector":{
   "params":[
    "SignalNameFromLabel",
    "MustResolveToSignal",
    "ShowPropagatedSignal",
    "DataLogging",
    "TestPoint",
    "SignalObjectPackage",
    "StorageClass",
    "Description",
    "documentLink"
   ],
   "values":[
    "",
    "off",
    "off",
    "off",
    "off",
    "Simulink",
    "Auto",
    "",
    ""
   ],
   "tabs":[
    "Parameter Attributes",
    "Logging and Accessibility",
    "Code Generation",
    "Documentation"
   ],
   "tabs_idx":[
    0,
    3,
    5,
    7
   ]
  },
  "viewer":{
   "jshandler":"webview/handlers/ElementHandler"
  },
  "obj_viewer":[
  ],
  "finder":[
  ]
 },
 {
  "sid":"Torque_Control_ESP32_V6:197#out:1;line",
  "inspector":{
   "params":[
    "SignalNameFromLabel",
    "MustResolveToSignal",
    "ShowPropagatedSignal",
    "DataLogging",
    "TestPoint",
    "SignalObjectPackage",
    "StorageClass",
    "Description",
    "documentLink"
   ],
   "values":[
    "",
    "off",
    "off",
    "off",
    "off",
    "Simulink",
    "Auto",
    "",
    ""
   ],
   "tabs":[
    "Parameter Attributes",
    "Logging and Accessibility",
    "Code Generation",
    "Documentation"
   ],
   "tabs_idx":[
    0,
    3,
    5,
    7
   ]
  },
  "viewer":{
   "jshandler":"webview/handlers/ElementHandler"
  },
  "obj_viewer":[
  ],
  "finder":[
  ]
 },
 {
  "sid":"Torque_Control_ESP32_V6:198#out:1;line",
  "inspector":{
   "params":[
    "SignalNameFromLabel",
    "MustResolveToSignal",
    "ShowPropagatedSignal",
    "DataLogging",
    "TestPoint",
    "SignalObjectPackage",
    "StorageClass",
    "Description",
    "documentLink"
   ],
   "values":[
    "",
    "off",
    "off",
    "off",
    "off",
    "Simulink",
    "Auto",
    "",
    ""
   ],
   "tabs":[
    "Parameter Attributes",
    "Logging and Accessibility",
    "Code Generation",
    "Documentation"
   ],
   "tabs_idx":[
    0,
    3,
    5,
    7
   ]
  },
  "viewer":{
   "jshandler":"webview/handlers/ElementHandler"
  },
  "obj_viewer":[
  ],
  "finder":[
  ]
 },
 {
  "sid":"Torque_Control_ESP32_V6:192#out:1;line",
  "inspector":{
   "params":[
    "SignalNameFromLabel",
    "MustResolveToSignal",
    "ShowPropagatedSignal",
    "DataLogging",
    "TestPoint",
    "SignalObjectPackage",
    "StorageClass",
    "Description",
    "documentLink"
   ],
   "values":[
    "",
    "off",
    "off",
    "off",
    "off",
    "Simulink",
    "Auto",
    "",
    ""
   ],
   "tabs":[
    "Parameter Attributes",
    "Logging and Accessibility",
    "Code Generation",
    "Documentation"
   ],
   "tabs_idx":[
    0,
    3,
    5,
    7
   ]
  },
  "viewer":{
   "jshandler":"webview/handlers/ElementHandler"
  },
  "obj_viewer":[
  ],
  "finder":[
  ]
 },
 {
  "sid":"Torque_Control_ESP32_V6:193#out:1;line",
  "inspector":{
   "params":[
    "SignalNameFromLabel",
    "MustResolveToSignal",
    "ShowPropagatedSignal",
    "DataLogging",
    "TestPoint",
    "SignalObjectPackage",
    "StorageClass",
    "Description",
    "documentLink"
   ],
   "values":[
    "",
    "off",
    "off",
    "off",
    "off",
    "Simulink",
    "Auto",
    "",
    ""
   ],
   "tabs":[
    "Parameter Attributes",
    "Logging and Accessibility",
    "Code Generation",
    "Documentation"
   ],
   "tabs_idx":[
    0,
    3,
    5,
    7
   ]
  },
  "viewer":{
   "jshandler":"webview/handlers/ElementHandler"
  },
  "obj_viewer":[
  ],
  "finder":[
  ]
 },
 {
  "sid":"Torque_Control_ESP32_V6:189#out:1;line",
  "inspector":{
   "params":[
    "SignalNameFromLabel",
    "MustResolveToSignal",
    "ShowPropagatedSignal",
    "DataLogging",
    "TestPoint",
    "SignalObjectPackage",
    "StorageClass",
    "Description",
    "documentLink"
   ],
   "values":[
    "",
    "off",
    "off",
    "off",
    "off",
    "Simulink",
    "Auto",
    "",
    ""
   ],
   "tabs":[
    "Parameter Attributes",
    "Logging and Accessibility",
    "Code Generation",
    "Documentation"
   ],
   "tabs_idx":[
    0,
    3,
    5,
    7
   ]
  },
  "viewer":{
   "jshandler":"webview/handlers/ElementHandler"
  },
  "obj_viewer":[
  ],
  "finder":[
  ]
 },
 {
  "sid":"Torque_Control_ESP32_V6:194#out:1;line",
  "inspector":{
   "params":[
    "SignalNameFromLabel",
    "MustResolveToSignal",
    "ShowPropagatedSignal",
    "DataLogging",
    "TestPoint",
    "SignalObjectPackage",
    "StorageClass",
    "Description",
    "documentLink"
   ],
   "values":[
    "",
    "off",
    "off",
    "off",
    "off",
    "Simulink",
    "Auto",
    "",
    ""
   ],
   "tabs":[
    "Parameter Attributes",
    "Logging and Accessibility",
    "Code Generation",
    "Documentation"
   ],
   "tabs_idx":[
    0,
    3,
    5,
    7
   ]
  },
  "viewer":{
   "jshandler":"webview/handlers/ElementHandler"
  },
  "obj_viewer":[
  ],
  "finder":[
  ]
 },
 {
  "sid":"Torque_Control_ESP32_V6:195#out:1;line",
  "inspector":{
   "params":[
    "SignalNameFromLabel",
    "MustResolveToSignal",
    "ShowPropagatedSignal",
    "DataLogging",
    "TestPoint",
    "SignalObjectPackage",
    "StorageClass",
    "Description",
    "documentLink"
   ],
   "values":[
    "",
    "off",
    "off",
    "off",
    "off",
    "Simulink",
    "Auto",
    "",
    ""
   ],
   "tabs":[
    "Parameter Attributes",
    "Logging and Accessibility",
    "Code Generation",
    "Documentation"
   ],
   "tabs_idx":[
    0,
    3,
    5,
    7
   ]
  },
  "viewer":{
   "jshandler":"webview/handlers/ElementHandler"
  },
  "obj_viewer":[
  ],
  "finder":[
  ]
 },
 {
  "sid":"Torque_Control_ESP32_V6:190#out:1;line",
  "inspector":{
   "params":[
    "SignalNameFromLabel",
    "MustResolveToSignal",
    "ShowPropagatedSignal",
    "DataLogging",
    "TestPoint",
    "SignalObjectPackage",
    "StorageClass",
    "Description",
    "documentLink"
   ],
   "values":[
    "",
    "off",
    "off",
    "off",
    "off",
    "Simulink",
    "Auto",
    "",
    ""
   ],
   "tabs":[
    "Parameter Attributes",
    "Logging and Accessibility",
    "Code Generation",
    "Documentation"
   ],
   "tabs_idx":[
    0,
    3,
    5,
    7
   ]
  },
  "viewer":{
   "jshandler":"webview/handlers/ElementHandler"
  },
  "obj_viewer":[
  ],
  "finder":[
  ]
 },
 {
  "sid":"Torque_Control_ESP32_V6:191#out:1;line",
  "inspector":{
   "params":[
    "SignalNameFromLabel",
    "MustResolveToSignal",
    "ShowPropagatedSignal",
    "DataLogging",
    "TestPoint",
    "SignalObjectPackage",
    "StorageClass",
    "Description",
    "documentLink"
   ],
   "values":[
    "",
    "off",
    "off",
    "off",
    "off",
    "Simulink",
    "Auto",
    "",
    ""
   ],
   "tabs":[
    "Parameter Attributes",
    "Logging and Accessibility",
    "Code Generation",
    "Documentation"
   ],
   "tabs_idx":[
    0,
    3,
    5,
    7
   ]
  },
  "viewer":{
   "jshandler":"webview/handlers/ElementHandler"
  },
  "obj_viewer":[
  ],
  "finder":[
  ]
 },
 {
  "sid":"Torque_Control_ESP32_V6:196#out:1;line",
  "inspector":{
   "params":[
    "SignalNameFromLabel",
    "MustResolveToSignal",
    "ShowPropagatedSignal",
    "DataLogging",
    "TestPoint",
    "SignalObjectPackage",
    "StorageClass",
    "Description",
    "documentLink"
   ],
   "values":[
    "",
    "off",
    "off",
    "off",
    "off",
    "Simulink",
    "Auto",
    "",
    ""
   ],
   "tabs":[
    "Parameter Attributes",
    "Logging and Accessibility",
    "Code Generation",
    "Documentation"
   ],
   "tabs_idx":[
    0,
    3,
    5,
    7
   ]
  },
  "viewer":{
   "jshandler":"webview/handlers/ElementHandler"
  },
  "obj_viewer":[
  ],
  "finder":[
  ]
 }
]