{
 "version":3,
 "baseUrl":"support/slwebview_files",
 "homeHid":1,
 "sections":[
  {
   "hid":1,
   "sid":"Torque_Control_ESP32_V6",
   "name":"Torque_Control_ESP32_V6",
   "fullname":"Torque_Control_ESP32_V6",
   "label":"Torque_Control_ESP32_V6",
   "parent":0,
   "descendantIDs":[
    2,
    3,
    4,
    5,
    6,
    7,
    8,
    9,
    10,
    11,
    12,
    13,
    14,
    15,
    16,
    17,
    18,
    19,
    20,
    21,
    22,
    23,
    24,
    25,
    26,
    27,
    28,
    29,
    30,
    31,
    32,
    33,
    34,
    35
   ],
   "descendantsURL":"support/slwebview_files/Torque_Control_ESP32_V6_diagrams_1.json",
   "sysViewURL":"support/slwebview_files/Torque_Control_ESP32_V6_p.json"
  }
 ],
 "optViews":[
 ],
 "display":{
  "informer":false,
  "notes":false
 },
 "iconsUrl":"support/slwebview_files/icon.css"
}